wl_calc,spectrum_peak_nm_fit
1544.81223350015,1543.0407960233038
1544.8124335001498,1543.0434966214411
1544.8126335001498,1543.0461908380653
1544.8128335001497,1543.0488787112502
1544.8130335001497,1543.0515602790692
1544.8132335001496,1543.0542355795963
1544.8134335001496,1543.0569046509056
1544.8136335001495,1543.0595675310713
1544.8138335001495,1543.0622242581662
1544.8140335001494,1543.0648748702645
1544.8142335001494,1543.0675194054404
1544.8144335001493,1543.0701579017673
1544.8146335001493,1543.0727903973197
1544.8148335001492,1543.0754169301713
1544.8150335001492,1543.0780375383952
1544.8152335001491,1543.0806522600656
1544.815433500149,1543.0832611332567
1544.815633500149,1543.0858641960422
1544.815833500149,1543.0884614864958
1544.816033500149,1543.091053042691
1544.8162335001489,1543.0936389027027
1544.8164335001488,1543.0962191046035
1544.8166335001488,1543.0987936864683
1544.8168335001487,1543.1013626863703
1544.8170335001487,1543.1039261423832
1544.8172335001486,1543.1064840925817
1544.8174335001486,1543.109036575039
1544.8176335001485,1543.1115836278284
1544.8178335001485,1543.1141252890247
1544.8180335001484,1543.1166615967015
1544.8182335001484,1543.1191925889323
1544.8184335001483,1543.1217183037916
1544.8186335001483,1543.1242387793523
1544.8188335001482,1543.1267540536894
1544.8190335001482,1543.1292641648752
1544.8192335001481,1543.1317691509855
1544.819433500148,1543.1342690500924
1544.819633500148,1543.1367639002713
1544.819833500148,1543.1392537395939
1544.820033500148,1543.1417386061362
1544.8202335001479,1543.1442185379706
1544.8204335001478,1543.1466935731721
1544.8206335001478,1543.1491637498134
1544.8208335001477,1543.1516291059695
1544.8210335001477,1543.1540896797128
1544.8212335001476,1543.1565455091188
1544.8214335001476,1543.1589966322601
1544.8216335001475,1543.1614430872107
1544.8218335001475,1543.163884912045
1544.8220335001474,1543.1663221448368
1544.8222335001474,1543.1687548236596
1544.8224335001473,1543.171182986587
1544.8226335001473,1543.173606671693
1544.8228335001472,1543.176025917052
1544.8230335001472,1543.1784407607374
1544.8232335001471,1543.1808512408227
1544.823433500147,1543.183257395383
1544.823633500147,1543.1856592624813
1544.823833500147,1543.188056876773
1544.824033500147,1543.1904502643988
1544.8242335001469,1543.1928394501929
1544.8244335001468,1543.1952244589913
1544.8246335001468,1543.1976053156277
1544.8248335001467,1543.1999820449378
1544.8250335001467,1543.2023546717553
1544.8252335001466,1543.2047232209152
1544.8254335001466,1543.2070877172525
1544.8256335001465,1543.2094481856022
1544.8258335001465,1543.211804650798
1544.8260335001464,1543.2141571376758
1544.8262335001464,1543.2165056710703
1544.8264335001463,1543.2188502758154
1544.8266335001463,1543.2211909767461
1544.8268335001462,1543.2235277986983
1544.8270335001462,1543.2258607665049
1544.8272335001461,1543.2281899050022
1544.827433500146,1543.230515239024
1544.827633500146,1543.2328367934053
1544.827833500146,1543.2351545929812
1544.828033500146,1543.2374686625858
1544.8282335001459,1543.2397790270545
1544.8284335001458,1543.2420857112213
1544.8286335001458,1543.244388739922
1544.8288335001457,1543.2466881379903
1544.8290335001457,1543.2489839302618
1544.8292335001456,1543.25127614157
1544.8294335001456,1543.253564796751
1544.8296335001455,1543.2558499206395
1544.8298335001455,1543.258131538069
1544.8300335001454,1543.2604096738753
1544.8302335001454,1543.262684352893
1544.8304335001453,1543.2649555999567
1544.8306335001453,1543.2672234399015
1544.8308335001452,1543.2694878975612
1544.8310335001452,1543.2717489977715
1544.8312335001451,1543.2740067653672
1544.831433500145,1543.2762612251818
1544.831633500145,1543.2785124020513
1544.831833500145,1543.2807603208098
1544.832033500145,1543.283005006293
1544.8322335001449,1543.2852464833345
1544.8324335001448,1543.2874847767694
1544.8326335001448,1543.289719911433
1544.8328335001447,1543.291951912159
1544.8330335001447,1543.2941808037833
1544.8332335001446,1543.2964066111397
1544.8334335001446,1543.2986293590636
1544.8336335001445,1543.300849072389
1544.8338335001445,1543.3030657759514
1544.8340335001444,1543.3052794945856
1544.8342335001444,1543.307490253126
1544.8344335001443,1543.309698076407
1544.8346335001443,1543.3119029892637
1544.8348335001442,1543.3141050165311
1544.8350335001442,1543.3163041830437
1544.835233500144,1543.318500513636
1544.835433500144,1543.3206940331436
1544.835633500144,1543.3228847664002
1544.835833500144,1543.325072738241
1544.836033500144,1543.327257973501
1544.8362335001439,1543.3294404970143
1544.8364335001438,1543.3316203336162
1544.8366335001438,1543.333797508142
1544.8368335001437,1543.3359720454248
1544.8370335001437,1543.3381439703007
1544.8372335001436,1543.3403133076038
1544.8374335001436,1543.3424800821695
1544.8376335001435,1543.344644318832
1544.8378335001435,1543.346806042426
1544.8380335001434,1543.3489652777864
1544.8382335001434,1543.3511220497485
1544.8384335001433,1543.3532763831463
1544.8386335001433,1543.3554283028143
1544.8388335001432,1543.3575778335878
1544.8390335001432,1543.3597250003018
1544.839233500143,1543.3618698277912
1544.839433500143,1543.3640123408888
1544.839633500143,1543.3661525644325
1544.839833500143,1543.3682905232538
1544.840033500143,1543.3704262421902
1544.8402335001429,1543.372559746075
1544.8404335001428,1543.374691059743
1544.8406335001428,1543.3768202080291
1544.8408335001427,1543.3789472157684
1544.8410335001427,1543.3810721077948
1544.8412335001426,1543.3831949089442
1544.8414335001426,1543.3853156440503
1544.8416335001425,1543.3874343379484
1544.8418335001425,1543.3895510154732
1544.8420335001424,1543.3916657014597
1544.8422335001424,1543.3937784207417
1544.8424335001423,1543.395889198155
1544.8426335001423,1543.397998058534
1544.8428335001422,1543.400105026713
1544.8430335001422,1543.4022101275273
1544.843233500142,1543.4043133858115
1544.843433500142,1543.4064148264001
1544.843633500142,1543.4085144741287
1544.843833500142,1543.4106123538306
1544.844033500142,1543.4127084903416
1544.8442335001419,1543.4148029084965
1544.8444335001418,1543.4168956331298
1544.8446335001418,1543.4189866890756
1544.8448335001417,1543.4210761011698
1544.8450335001417,1543.4231638942463
1544.8452335001416,1543.425250093141
1544.8454335001416,1543.4273347226865
1544.8456335001415,1543.4294178077193
1544.8458335001415,1543.431499373074
1544.8460335001414,1543.433579443585
1544.8462335001414,1543.435658044087
1544.8464335001413,1543.4377351994149
1544.8466335001413,1543.4398109344033
1544.8468335001412,1543.4418852738868
1544.8470335001412,1543.4439582427005
1544.847233500141,1543.4460298656788
1544.847433500141,1543.448100167657
1544.847633500141,1543.4501691734695
1544.847833500141,1543.4522369079511
1544.848033500141,1543.4543033959364
1544.8482335001409,1543.4563686622605
1544.8484335001408,1543.4584327317577
1544.8486335001407,1543.460495629263
1544.8488335001407,1543.4625573796109
1544.8490335001406,1543.4646180076365
1544.8492335001406,1543.4666775381743
1544.8494335001405,1543.4687359960594
1544.8496335001405,1543.4707934061262
1544.8498335001404,1543.4728497932092
1544.8500335001404,1543.474905182144
1544.8502335001403,1543.4769595977646
1544.8504335001403,1543.4790130649058
1544.8506335001402,1543.4810656084028
1544.8508335001402,1543.48311725309
1544.8510335001401,1543.4851680238023
1544.85123350014,1543.4872179453744
1544.85143350014,1543.489267042641
1544.85163350014,1543.4913153404364
1544.85183350014,1543.4933628635965
1544.85203350014,1543.4954096369547
1544.8522335001398,1543.4974556853472
1544.8524335001398,1543.4995010336072
1544.8526335001397,1543.5015457065706
1544.8528335001397,1543.5035897290718
1544.8530335001396,1543.5056331259452
1544.8532335001396,1543.5076759220265
1544.8534335001395,1543.5097181421493
1544.8536335001395,1543.5117598111485
1544.8538335001394,1543.5138009538596
1544.8540335001394,1543.5158415951169
1544.8542335001393,1543.517881759755
1544.8544335001393,1543.5199214726094
1544.8546335001392,1543.5219607585138
1544.8548335001392,1543.5239996423036
1544.8550335001391,1543.526038148813
1544.855233500139,1543.5280763028777
1544.855433500139,1543.5301141293319
1544.855633500139,1543.5321516530098
1544.855833500139,1543.5341888987466
1544.856033500139,1543.536225891378
1544.8562335001388,1543.5382626557368
1544.8564335001388,1543.5402992166598
1544.8566335001387,1543.54233559898
1544.8568335001387,1543.5443718275328
1544.8570335001386,1543.546407927154
1544.8572335001386,1543.5484439226766
1544.8574335001385,1543.5504798389366
1544.8576335001385,1543.5525157007678
1544.8578335001384,1543.554551533006
1544.8580335001384,1543.5565873604849
1544.8582335001383,1543.55862320804
1544.8584335001383,1543.5606591005057
1544.8586335001382,1543.5626950627168
1544.8588335001382,1543.5647311195082
1544.8590335001381,1543.5667672957145
1544.859233500138,1543.5688036161705
1544.859433500138,1543.570840105711
1544.859633500138,1543.5728767891706
1544.859833500138,1543.5749136913837
1544.860033500138,1543.576950837186
1544.8602335001378,1543.5789882514114
1544.8604335001378,1543.5810259588952
1544.8606335001377,1543.5830639844717
1544.8608335001377,1543.5851023529763
1544.8610335001376,1543.5871410892432
1544.8612335001376,1543.5891802181068
1544.8614335001375,1543.5912197644025
1544.8616335001375,1543.593259752965
1544.8618335001374,1543.5953002086285
1544.8620335001374,1543.5973411562286
1544.8622335001373,1543.5993826205993
1544.8624335001373,1543.6014246265759
1544.8626335001372,1543.6034671989928
1544.8628335001372,1543.6055103626845
1544.8630335001371,1543.6075541424868
1544.863233500137,1543.6095985632328
1544.863433500137,1543.6116436497591
1544.863633500137,1543.613689426899
1544.863833500137,1543.6157359194876
1544.8640335001369,1543.6177831523603
1544.8642335001368,1543.6198311503513
1544.8644335001368,1543.621879938295
1544.8646335001367,1543.6239295410267
1544.8648335001367,1543.625979983381
1544.8650335001366,1543.6280312901933
1544.8652335001366,1543.6300834862968
1544.8654335001365,1543.6321365965277
1544.8656335001365,1543.63419064572
1544.8658335001364,1543.6362456587087
1544.8660335001364,1543.6383016603286
1544.8662335001363,1543.6403586754145
1544.8664335001363,1543.6424167288005
1544.8666335001362,1543.6444758453222
1544.8668335001362,1543.6465360498137
1544.8670335001361,1543.6485973671104
1544.867233500136,1543.6506598220465
1544.867433500136,1543.6527234394566
1544.867633500136,1543.6547882441764
1544.867833500136,1543.6568542610394
1544.8680335001359,1543.658921514881
1544.8682335001358,1543.6609900305366
1544.8684335001358,1543.66305983284
1544.8686335001357,1543.6651309466263
1544.8688335001357,1543.6672033967293
1544.8690335001356,1543.6692772079855
1544.8692335001356,1543.6713524052284
1544.8694335001355,1543.6734290132933
1544.8696335001355,1543.6755070570148
1544.8698335001354,1543.677586561227
1544.8700335001354,1543.6796675507662
1544.8702335001353,1543.6817500504653
1544.8704335001353,1543.6838340851605
1544.8706335001352,1543.6859196795942
1544.8708335001352,1543.688006835278
1544.8710335001351,1543.690095499835
1544.871233500135,1543.6921856132706
1544.871433500135,1543.6942771155896
1544.871633500135,1543.6963699467972
1544.871833500135,1543.6984640468977
1544.8720335001349,1543.700559355897
1544.8722335001348,1543.702655813799
1544.8724335001348,1543.704753360609
1544.8726335001347,1543.7068519363318
1544.8728335001347,1543.708951480972
1544.8730335001346,1543.7110519345351
1544.8732335001346,1543.7131532370254
1544.8734335001345,1543.7152553284484
1544.8736335001345,1543.7173581488087
1544.8738335001344,1543.7194616381103
1544.8740335001344,1543.7215657363593
1544.8742335001343,1543.7236703835601
1544.8744335001343,1543.7257755197181
1544.8746335001342,1543.7278810848375
1544.8748335001342,1543.7299870189227
1544.8750335001341,1543.7320932619798
1544.875233500134,1543.7341997540136
1544.875433500134,1543.736306435028
1544.875633500134,1543.7384132450286
1544.875833500134,1543.74052012402
1544.8760335001339,1543.7426270120068
1544.8762335001338,1543.7447338489949
1544.8764335001338,1543.7468405749885
1544.8766335001337,1543.7489471299925
1544.8768335001337,1543.7510534540118
1544.8770335001336,1543.7531594870513
1544.8772335001336,1543.7552651691153
1544.8774335001335,1543.75737044021
1544.8776335001335,1543.759475240339
1544.8778335001334,1543.761579509508
1544.8780335001334,1543.7636831877217
1544.8782335001333,1543.765786214985
1544.8784335001333,1543.7678885313026
1544.8786335001332,1543.769990076679
1544.8788335001332,1543.7720907911203
1544.8790335001331,1543.7741906146298
1544.879233500133,1543.7762894872135
1544.879433500133,1543.7783873488763
1544.879633500133,1543.7804841396226
1544.879833500133,1543.7825797994572
1544.8800335001329,1543.7846742683855
1544.8802335001328,1543.7867674864115
1544.8804335001328,1543.7888593935415
1544.8806335001327,1543.7909499297791
1544.8808335001327,1543.7930390351296
1544.8810335001326,1543.7951266495984
1544.8812335001326,1543.797212713189
1544.8814335001325,1543.7992971659082
1544.8816335001325,1543.8013799477594
1544.8818335001324,1543.8034609987483
1544.8820335001324,1543.8055402588789
1544.8822335001323,1543.807617668157
1544.8824335001323,1543.8096931665866
1544.8826335001322,1543.8117666941737
1544.8828335001322,1543.813838190922
1544.8830335001321,1543.8159075968374
1544.883233500132,1543.817974851924
1544.883433500132,1543.8200398961874
1544.883633500132,1543.8221026696315
1544.883833500132,1543.8241631122626
1544.8840335001319,1543.826221164084
1544.8842335001318,1543.8282767651017
1544.8844335001318,1543.8303298553203
1544.8846335001317,1543.8323803747444
1544.8848335001317,1543.834428263379
1544.8850335001316,1543.8364734612292
1544.8852335001316,1543.8385159082998
1544.8854335001315,1543.8405555445956
1544.8856335001315,1543.8425923101215
1544.8858335001314,1543.844626144882
1544.8860335001314,1543.8466569888828
1544.8862335001313,1543.8486847821282
1544.8864335001313,1543.8507094646232
1544.8866335001312,1543.852730976373
1544.8868335001312,1543.8547492573816
1544.887033500131,1543.856764247655
1544.887233500131,1543.8587758871977
1544.887433500131,1543.8607841160142
1544.887633500131,1543.8627888741094
1544.887833500131,1543.8647901014883
1544.8880335001309,1543.8667877381565
1544.8882335001308,1543.8687817241182
1544.8884335001308,1543.870771999378
1544.8886335001307,1543.8727585039408
1544.8888335001307,1543.8747411778124
1544.8890335001306,1543.876719960997
1544.8892335001306,1543.8786947934996
1544.8894335001305,1543.8806656153247
1544.8896335001305,1543.8826323664778
1544.8898335001304,1543.8845949869637
1544.8900335001304,1543.886553416787
1544.8902335001303,1543.8885075959522
1544.8904335001303,1543.8904574644653
1544.8906335001302,1543.8924029623302
1544.8908335001302,1543.8943440295523
1544.89103350013,1543.896280606136
1544.89123350013,1543.8982126320868
1544.89143350013,1543.9001400474094
1544.89163350013,1543.9020627921082
1544.89183350013,1543.9039808061884
1544.8920335001299,1543.905894029655
1544.8922335001298,1543.9078024025127
1544.8924335001298,1543.9097058647671
1544.8926335001297,1543.911604356422
1544.8928335001297,1543.9134978174827
1544.8930335001296,1543.915386187954
1544.8932335001296,1543.9172694078413
1544.8934335001295,1543.9191474171485
1544.8936335001295,1543.9210201558817
1544.8938335001294,1543.9228875640451
1544.8940335001294,1543.9247495816433
1544.8942335001293,1543.9266061486815
1544.8944335001293,1543.928457205165
1544.8946335001292,1543.930302691098
1544.8948335001292,1543.932142546486
1544.895033500129,1543.933976711333
1544.895233500129,1543.9358051256445
1544.895433500129,1543.9376277294252
1544.895633500129,1543.9394444626805
1544.895833500129,1543.9412552654148
1544.8960335001289,1543.943060077633
1544.8962335001288,1543.9448588393398
1544.8964335001288,1543.9466514905403
1544.8966335001287,1543.9484379734563
1544.8968335001287,1543.9502182781391
1544.8970335001286,1543.9519924407878
1544.8972335001286,1543.9537604994794
1544.8974335001285,1543.9555224922906
1544.8976335001284,1543.9572784573004
1544.8978335001284,1543.9590284325843
1544.8980335001283,1543.9607724562206
1544.8982335001283,1543.9625105662867
1544.8984335001282,1543.9642428008594
1544.8986335001282,1543.9659691980166
1544.8988335001281,1543.9676897958357
1544.899033500128,1543.9694046323937
1544.899233500128,1543.9711137457675
1544.899433500128,1543.9728171740358
1544.899633500128,1543.9745149552748
1544.899833500128,1543.9762071275625
1544.9000335001278,1543.9778937289752
1544.9002335001278,1543.9795747975918
1544.9004335001277,1543.9812503714888
1544.9006335001277,1543.9829204887433
1544.9008335001276,1543.984585187433
1544.9010335001276,1543.9862445056353
1544.9012335001275,1543.9878984814277
1544.9014335001275,1543.9895471528869
1544.9016335001274,1543.991190558091
1544.9018335001274,1543.992828735117
1544.9020335001273,1543.9944617220417
1544.9022335001273,1543.9960895569438
1544.9024335001272,1543.9977122778996
1544.9026335001272,1543.9993299229866
1544.9028335001271,1544.0009425302821
1544.903033500127,1544.0025501378636
1544.903233500127,1544.0041527838093
1544.903433500127,1544.0057505061945
1544.903633500127,1544.0073433430985
1544.903833500127,1544.0089313325975
1544.9040335001268,1544.01051451277
1544.9042335001268,1544.0120929216919
1544.9044335001267,1544.0136665974417
1544.9046335001267,1544.0152355780963
1544.9048335001266,1544.0167999017326
1544.9050335001266,1544.018359606429
1544.9052335001265,1544.019914730262
1544.9054335001265,1544.0214653113092
1544.9056335001264,1544.0230113876482
1544.9058335001264,1544.0245529973558
1544.9060335001263,1544.0260901785098
1544.9062335001263,1544.0276229691874
1544.9064335001262,1544.0291514074659
1544.9066335001262,1544.0306755314227
1544.9068335001261,1544.0321953791354
1544.907033500126,1544.033710988681
1544.907233500126,1544.0352223981367
1544.907433500126,1544.0367296455806
1544.907633500126,1544.0382327690893
1544.907833500126,1544.0397318067405
1544.9080335001258,1544.0412267966121
1544.9082335001258,1544.04271777678
1544.9084335001257,1544.0442047853228
1544.9086335001257,1544.0456878603168
1544.9088335001256,1544.0471670398406
1544.9090335001256,1544.0486423619702
1544.9092335001255,1544.0501138647842
1544.9094335001255,1544.0515815863598
1544.9096335001254,1544.0530455647734
1544.9098335001254,1544.054505838103
1544.9100335001253,1544.0559624444263
1544.9102335001253,1544.0574154218198
1544.9104335001252,1544.058864808361
1544.9106335001252,1544.0603106421283
1544.9108335001251,1544.061752961198
1544.911033500125,1544.0631918036472
1544.911233500125,1544.0646272075546
1544.911433500125,1544.066059210996
1544.911633500125,1544.0674878520497
1544.9118335001249,1544.0689131687932
1544.9120335001248,1544.0703351993034
1544.9122335001248,1544.0717539816571
1544.9124335001247,1544.073169553933
1544.9126335001247,1544.0745819542071
1544.9128335001246,1544.0759912205576
1544.9130335001246,1544.0773973910618
1544.9132335001245,1544.0788005037973
1544.9134335001245,1544.0802005968403
1544.9136335001244,1544.081597708269
1544.9138335001244,1544.0829918761608
1544.9140335001243,1544.084383138593
1544.9142335001243,1544.0857715336426
1544.9144335001242,1544.087157099387
1544.9146335001242,1544.0885398739042
1544.9148335001241,1544.089919895271
1544.915033500124,1544.0912972015644
1544.915233500124,1544.0926718308626
1544.915433500124,1544.0940438212422
1544.915633500124,1544.0954132107813
1544.9158335001239,1544.0967800375565
1544.9160335001238,1544.0981443396458
1544.9162335001238,1544.0995061551262
1544.9164335001237,1544.1008655220746
1544.9166335001237,1544.1022224785693
1544.9168335001236,1544.1035770626872
1544.9170335001236,1544.1049293125054
1544.9172335001235,1544.1062792661014
1544.9174335001235,1544.1076269615533
1544.9176335001234,1544.1089724369367
1544.9178335001234,1544.110315730331
1544.9180335001233,1544.111656879812
1544.9182335001233,1544.1129959234577
1544.9184335001232,1544.1143328993458
1544.9186335001232,1544.115667845553
1544.9188335001231,1544.1170008001568
1544.919033500123,1544.1183318012347
1544.919233500123,1544.1196608868638
1544.919433500123,1544.120988095122
1544.919633500123,1544.1223134640861
1544.9198335001229,1544.1236370318338
1544.9200335001228,1544.124958836442
1544.9202335001228,1544.1262789159885
1544.9204335001227,1544.1275973085503
1544.9206335001227,1544.1289140522053
1544.9208335001226,1544.1302291850302
1544.9210335001226,1544.1315427451027
1544.9212335001225,1544.1328547705002
1544.9214335001225,1544.1341652992994
1544.9216335001224,1544.1354743695788
1544.9218335001224,1544.1367820194153
1544.9220335001223,1544.138088286886
1544.9222335001223,1544.1393932100675
1544.9224335001222,1544.1406968270387
1544.9226335001222,1544.1419991758764
1544.9228335001221,1544.1433002946576
1544.923033500122,1544.1446002214595
1544.923233500122,1544.1458989943603
1544.923433500122,1544.1471966514366
1544.923633500122,1544.1484932307658
1544.9238335001219,1544.1497887704259
1544.9240335001218,1544.1510833084933
1544.9242335001218,1544.1523768830461
1544.9244335001217,1544.1536695321615
1544.9246335001217,1544.1549612939161
1544.9248335001216,1544.1562522063884
1544.9250335001216,1544.1575423076556
1544.9252335001215,1544.1588316357945
1544.9254335001215,1544.160120228882
1544.9256335001214,1544.1614081249968
1544.9258335001214,1544.1626953622153
1544.9260335001213,1544.1639819786149
1544.9262335001213,1544.165268012274
1544.9264335001212,1544.1665535012683
1544.9266335001212,1544.167838483676
1544.9268335001211,1544.1691229975745
1544.927033500121,1544.1704070810413
1544.927233500121,1544.1716907721532
1544.927433500121,1544.172974108988
1544.927633500121,1544.174257129623
1544.9278335001209,1544.175539872135
1544.9280335001208,1544.176822374602
1544.9282335001208,1544.1781046751016
1544.9284335001207,1544.17938681171
1544.9286335001207,1544.1806688225058
1544.9288335001206,1544.1819507455652
1544.9290335001206,1544.1832326189667
1544.9292335001205,1544.1845144807871
1544.9294335001205,1544.1857963691032
1544.9296335001204,1544.187078321993
1544.9298335001204,1544.1883603775343
1544.9300335001203,1544.1896425738037
1544.9302335001203,1544.1909249488788
1544.9304335001202,1544.1922075408363
1544.9306335001202,1544.1934903877548
1544.9308335001201,1544.194773527711
1544.93103350012,1544.196056998782
1544.93123350012,1544.1973408390452
1544.93143350012,1544.1986250865787
1544.93163350012,1544.199909779459
1544.9318335001199,1544.2011949557636
1544.9320335001198,1544.20248065357
1544.9322335001198,1544.2037669109557
1544.9324335001197,1544.205053765998
1544.9326335001197,1544.206341256774
1544.9328335001196,1544.2076294213614
1544.9330335001196,1544.2089182978373
1544.9332335001195,1544.210207924279
1544.9334335001195,1544.2114983387637
1544.9336335001194,1544.2127895793694
1544.9338335001194,1544.2140816841734
1544.9340335001193,1544.215374691252
1544.9342335001193,1544.2166686386836
1544.9344335001192,1544.217963564545
1544.9346335001192,1544.2192595069139
1544.934833500119,1544.2205565038673
1544.935033500119,1544.2218545934832
1544.935233500119,1544.2231538138383
1544.935433500119,1544.22445420301
1544.935633500119,1544.2257557990758
1544.9358335001189,1544.2270586401132
1544.9360335001188,1544.2283627641993
1544.9362335001188,1544.2296682094118
1544.9364335001187,1544.2309750138274
1544.9366335001187,1544.2322832155244
1544.9368335001186,1544.2335928525788
1544.9370335001186,1544.2349039630697
1544.9372335001185,1544.2362165850732
1544.9374335001185,1544.237530756667
1544.9376335001184,1544.2388465159277
1544.9378335001184,1544.2401639009342
1544.9380335001183,1544.2414829497627
1544.9382335001183,1544.242803700491
1544.9384335001182,1544.2441261911963
1544.9386335001182,1544.2454504599555
1544.938833500118,1544.2467765448466
1544.939033500118,1544.2481044839471
1544.939233500118,1544.249434315334
1544.939433500118,1544.2507660749864
1544.939633500118,1544.2520997722156
1544.9398335001179,1544.2534353979854
1544.9400335001178,1544.254772942898
1544.9402335001178,1544.256112397554
1544.9404335001177,1544.2574537525563
1544.9406335001177,1544.2587969985059
1544.9408335001176,1544.2601421260047
1544.9410335001176,1544.2614891256542
1544.9412335001175,1544.2628379880564
1544.9414335001175,1544.2641887038135
1544.9416335001174,1544.2655412635256
1544.9418335001174,1544.2668956577957
1544.9420335001173,1544.268251877226
1544.9422335001173,1544.2696099124173
1544.9424335001172,1544.270969753971
1544.9426335001172,1544.2723313924894
1544.942833500117,1544.2736948185745
1544.943033500117,1544.2750600228278
1544.943233500117,1544.2764269958502
1544.943433500117,1544.2777957282447
1544.943633500117,1544.2791662106124
1544.9438335001169,1544.2805384335543
1544.9440335001168,1544.2819123876732
1544.9442335001168,1544.2832880635706
1544.9444335001167,1544.2846654518482
1544.9446335001167,1544.2860445431072
1544.9448335001166,1544.2874253279497
1544.9450335001166,1544.2888077969774
1544.9452335001165,1544.2901919407923
1544.9454335001165,1544.2915777499957
1544.9456335001164,1544.2929652151893
1544.9458335001164,1544.2943543269748
1544.9460335001163,1544.2957450759545
1544.9462335001163,1544.2971374527294
1544.9464335001162,1544.2985314479013
1544.9466335001161,1544.2999270520727
1544.946833500116,1544.301324255844
1544.947033500116,1544.302723049818
1544.947233500116,1544.3041234245961
1544.947433500116,1544.3055253707798
1544.947633500116,1544.3069288789711
1544.9478335001158,1544.3083339397717
1544.9480335001158,1544.3097405437834
1544.9482335001157,1544.3111486816074
1544.9484335001157,1544.3125583438457
1544.9486335001156,1544.3139695211003
1544.9488335001156,1544.3153822039726
1544.9490335001155,1544.3167963830642
1544.9492335001155,1544.318212048977
1544.9494335001154,1544.3196291923132
1544.9496335001154,1544.3210478036733
1544.9498335001153,1544.3224678736603
1544.9500335001153,1544.3238893928751
1544.9502335001152,1544.32531235192
1544.9504335001152,1544.326736741396
1544.9506335001151,1544.328162551905
1544.950833500115,1544.3295897740495
1544.951033500115,1544.3310183984304
1544.951233500115,1544.3324484156497
1544.951433500115,1544.3338798163088
1544.951633500115,1544.3353125910098
1544.9518335001148,1544.3367467303544
1544.9520335001148,1544.3381822249444
1544.9522335001147,1544.339619065381
1544.9524335001147,1544.3410572422663
1544.9526335001146,1544.3424967462017
1544.9528335001146,1544.3439375677895
1544.9530335001145,1544.3453796976312
1544.9532335001145,1544.3468231263282
1544.9534335001144,1544.3482678444818
1544.9536335001144,1544.3497138426956
1544.9538335001143,1544.3511611115691
1544.9540335001143,1544.3526096417052
1544.9542335001142,1544.3540594237052
1544.9544335001142,1544.3555104481711
1544.9546335001141,1544.3569627057047
1544.954833500114,1544.358416186907
1544.955033500114,1544.359870882381
1544.955233500114,1544.361326782727
1544.955433500114,1544.3627838785478
1544.955633500114,1544.3642421604443
1544.9558335001138,1544.3657016190186
1544.9560335001138,1544.3671622448724
1544.9562335001137,1544.3686240286074
1544.9564335001137,1544.3700869608256
1544.9566335001136,1544.3715510321285
1544.9568335001136,1544.3730162331174
1544.9570335001135,1544.3744825543945
1544.9572335001135,1544.3759499865614
1544.9574335001134,1544.3774185202199
1544.9576335001134,1544.3788881459711
1544.9578335001133,1544.3803588544176
1544.9580335001133,1544.3818306361609
1544.9582335001132,1544.3833034818022
1544.9584335001132,1544.384777381944
1544.9586335001131,1544.3862523271873
1544.958833500113,1544.3877283081342
1544.959033500113,1544.3892053153863
1544.959233500113,1544.3906833395454
1544.959433500113,1544.3921623712129
1544.959633500113,1544.393642400991
1544.9598335001128,1544.3951234194808
1544.9600335001128,1544.3966054172847
1544.9602335001127,1544.3980883850043
1544.9604335001127,1544.3995723132407
1544.9606335001126,1544.4010571925962
1544.9608335001126,1544.4025430136724
1544.9610335001125,1544.404029767071
1544.9612335001125,1544.4055174433934
1544.9614335001124,1544.4070060332417
1544.9616335001124,1544.4084955272176
1544.9618335001123,1544.4099859159226
1544.9620335001123,1544.4114771899588
1544.9622335001122,1544.4129693399277
1544.9624335001122,1544.4144623564305
1544.9626335001121,1544.4159562300702
1544.962833500112,1544.4174509514467
1544.963033500112,1544.4189465111633
1544.963233500112,1544.4204428998207
1544.963433500112,1544.4219401080213
1544.9636335001119,1544.4234381263668
1544.9638335001118,1544.424936945458
1544.9640335001118,1544.4264365558977
1544.9642335001117,1544.4279369482872
1544.9644335001117,1544.4294381132281
1544.9646335001116,1544.4309400413224
1544.9648335001116,1544.4324427231716
1544.9650335001115,1544.4339461493769
1544.9652335001115,1544.4354503105415
1544.9654335001114,1544.4369551972657
1544.9656335001114,1544.4384608001521
1544.9658335001113,1544.4399671098015
1544.9660335001113,1544.4414741168162
1544.9662335001112,1544.4429818117974
1544.9664335001112,1544.444490185348
1544.9666335001111,1544.4459992280686
1544.966833500111,1544.4475089305613
1544.967033500111,1544.4490192834278
1544.967233500111,1544.4505302772702
1544.967433500111,1544.4520419026894
1544.9676335001109,1544.4535541502876
1544.9678335001108,1544.4550670106669
1544.9680335001108,1544.456580474428
1544.9682335001107,1544.4580945321734
1544.9684335001107,1544.4596091745043
1544.9686335001106,1544.461124392023
1544.9688335001106,1544.462640175331
1544.9690335001105,1544.4641565150298
1544.9692335001105,1544.4656734017215
1544.9694335001104,1544.4671908260073
1544.9696335001104,1544.4687087784891
1544.9698335001103,1544.4702272497689
1544.9700335001103,1544.4717462304486
1544.9702335001102,1544.4732657111288
1544.9704335001102,1544.4747856824124
1544.9706335001101,1544.4763061349001
1544.97083350011,1544.477827059195
1544.97103350011,1544.4793484458971
1544.97123350011,1544.4808702856096
1544.97143350011,1544.4823925689338
1544.9716335001099,1544.483915286471
1544.9718335001098,1544.485438428823
1544.9720335001098,1544.4869619865917
1544.9722335001097,1544.4884859503788
1544.9724335001097,1544.490010310786
1544.9726335001096,1544.4915350584151
1544.9728335001096,1544.4930601838676
1544.9730335001095,1544.4945856777454
1544.9732335001095,1544.49611153065
1544.9734335001094,1544.4976377331836
1544.9736335001094,1544.4991642759471
1544.9738335001093,1544.500691149543
1544.9740335001093,1544.5022183445726
1544.9742335001092,1544.5037458516379
1544.9744335001092,1544.5052736613404
1544.9746335001091,1544.5068017642816
1544.974833500109,1544.5083301510638
1544.975033500109,1544.5098588122878
1544.975233500109,1544.5113877385566
1544.975433500109,1544.5129169204706
1544.9756335001089,1544.5144463486329
1544.9758335001088,1544.5159760136437
1544.9760335001088,1544.5175059061057
1544.9762335001087,1544.5190360166205
1544.9764335001087,1544.5205663357895
1544.9766335001086,1544.5220968542149
1544.9768335001086,1544.5236275624977
1544.9770335001085,1544.52515845124
1544.9772335001085,1544.526689511044
1544.9774335001084,1544.5282207325108
1544.9776335001084,1544.529752106242
1544.9778335001083,1544.5312836228397
1544.9780335001083,1544.5328152729057
1544.9782335001082,1544.5343470470411
1544.9784335001082,1544.5358789358484
1544.9786335001081,1544.5374109299287
1544.978833500108,1544.5389430198843
1544.979033500108,1544.5404751963163
1544.979233500108,1544.542007449827
1544.979433500108,1544.543539771017
1544.9796335001079,1544.5450721504897
1544.9798335001078,1544.5466045788457
1544.9800335001078,1544.5481370466869
1544.9802335001077,1544.5496695446147
1544.9804335001077,1544.5512020632314
1544.9806335001076,1544.5527345931387
1544.9808335001076,1544.554267124938
1544.9810335001075,1544.5557996492312
1544.9812335001075,1544.5573321566199
1544.9814335001074,1544.5588646377055
1544.9816335001074,1544.5603970830905
1544.9818335001073,1544.5619294833762
1544.9820335001073,1544.563461829164
1544.9822335001072,1544.564994111056
1544.9824335001072,1544.5665263196533
1544.982633500107,1544.5680584455586
1544.982833500107,1544.5695904793733
1544.983033500107,1544.5711224116985
1544.983233500107,1544.5726542331372
1544.983433500107,1544.5741859342895
1544.9836335001069,1544.5757175057588
1544.9838335001068,1544.577248938145
1544.9840335001068,1544.5787802220511
1544.9842335001067,1544.5803113480783
1544.9844335001067,1544.5818423068288
1544.9846335001066,1544.5833730889037
1544.9848335001066,1544.5849036849052
1544.9850335001065,1544.5864340854343
1544.9852335001065,1544.5879642810937
1544.9854335001064,1544.5894942624845
1544.9856335001064,1544.5910240202086
1544.9858335001063,1544.5925535448675
1544.9860335001063,1544.5940828270634
1544.9862335001062,1544.5956118573977
1544.9864335001062,1544.5971406264716
1544.986633500106,1544.5986691248877
1544.986833500106,1544.6001973432474
1544.987033500106,1544.6017252721524
1544.987233500106,1544.603252902204
1544.987433500106,1544.6047802240048
1544.9876335001059,1544.6063072281552
1544.9878335001058,1544.6078339052585
1544.9880335001058,1544.6093602459152
1544.9882335001057,1544.6108862407277
1544.9884335001057,1544.6124118802973
1544.9886335001056,1544.613937155226
1544.9888335001056,1544.6154620561156
1544.9890335001055,1544.616986573567
1544.9892335001055,1544.618510698183
1544.9894335001054,1544.6200344205645
1544.9896335001054,1544.6215577313135
1544.9898335001053,1544.6230806210322
1544.9900335001053,1544.6246030803218
1544.9902335001052,1544.6261250997836
1544.9904335001052,1544.62764667002
1544.990633500105,1544.6291677816325
1544.990833500105,1544.630688425223
1544.991033500105,1544.6322085913932
1544.991233500105,1544.6337282707445
1544.991433500105,1544.6352474538785
1544.9916335001049,1544.6367661313975
1544.9918335001048,1544.6382842939029
1544.9920335001048,1544.6398019319963
1544.9922335001047,1544.6413190362796
1544.9924335001047,1544.6428355973546
1544.9926335001046,1544.6443516058225
1544.9928335001046,1544.6458670522857
1544.9930335001045,1544.6473819273454
1544.9932335001045,1544.6488962216033
1544.9934335001044,1544.6504099256617
1544.9936335001044,1544.651923030122
1544.9938335001043,1544.6534355255853
1544.9940335001043,1544.6549474026544
1544.9942335001042,1544.6564586519298
1544.9944335001042,1544.657969264015
1544.994633500104,1544.65947922951
1544.994833500104,1544.6609885390171
1544.995033500104,1544.662497183138
1544.995233500104,1544.664005152475
1544.995433500104,1544.665512437628
1544.9956335001038,1544.6670190292011
1544.9958335001038,1544.6685249177942
1544.9960335001037,1544.6700300940104
1544.9962335001037,1544.6715345484504
1544.9964335001036,1544.6730382717158
1544.9966335001036,1544.6745412544094
1544.9968335001035,1544.676043487132
1544.9970335001035,1544.6775449604854
1544.9972335001034,1544.679045665072
1544.9974335001034,1544.6805455914925
1544.9976335001033,1544.6820447303496
1544.9978335001033,1544.6835430722442
1544.9980335001032,1544.6850406077783
1544.9982335001032,1544.686537327554
1544.9984335001031,1544.6880332221724
1544.998633500103,1544.6895282822356
1544.998833500103,1544.6910224983455
1544.999033500103,1544.6925158611032
1544.999233500103,1544.6940083611105
1544.999433500103,1544.6954999889697
1544.9996335001028,1544.6969907352823
1544.9998335001028,1544.69848059065
1545.0000335001027,1544.6999695456739
1545.0002335001027,1544.7014575909566
1545.0004335001026,1544.7029447170992
1545.0006335001026,1544.7044309147034
1545.0008335001025,1544.7059161743719
1545.0010335001025,1544.7074004867047
1545.0012335001024,1544.7088838423053
1545.0014335001024,1544.7103662317745
1545.0016335001023,1544.7118476457135
1545.0018335001023,1544.7133280747257
1545.0020335001022,1544.7148075094105
1545.0022335001022,1544.7162859403716
1545.0024335001021,1544.71776335821
1545.002633500102,1544.7192397535273
1545.002833500102,1544.7207151169255
1545.003033500102,1544.7221894390054
1545.003233500102,1544.72366271037
1545.003433500102,1544.7251349216203
1545.0036335001018,1544.7266060633585
1545.0038335001018,1544.7280761261854
1545.0040335001017,1544.7295451007035
1545.0042335001017,1544.7310129775146
1545.0044335001016,1544.73247974722
1545.0046335001016,1544.7339454004214
1545.0048335001015,1544.7354099277209
1545.0050335001015,1544.7368733197195
1545.0052335001014,1544.7383355670197
1545.0054335001014,1544.7397966602227
1545.0056335001013,1544.7412565899306
1545.0058335001013,1544.742715346745
1545.0060335001012,1544.7441729212676
1545.0062335001012,1544.7456293040996
1545.0064335001011,1544.747084485844
1545.006633500101,1544.7485384571007
1545.006833500101,1544.7499912084727
1545.007033500101,1544.7514427305614
1545.007233500101,1544.7528930139686
1545.007433500101,1544.7543420492962
1545.0076335001008,1544.7557898271457
1545.0078335001008,1544.7572363381182
1545.0080335001007,1544.7586815728164
1545.0082335001007,1544.7601255218412
1545.0084335001006,1544.7615681757954
1545.0086335001006,1544.7630095252796
1545.0088335001005,1544.7644495608959
1545.0090335001005,1544.7658882758851
1545.0092335001004,1544.7673256730004
1545.0094335001004,1544.7687617571387
1545.0096335001003,1544.770196533196
1545.0098335001003,1544.7716300060695
1545.0100335001002,1544.7730621806556
1545.0102335001002,1544.7744930618503
1545.0104335001001,1544.7759226545516
1545.0106335001,1544.777350963655
1545.0108335001,1544.7787779940577
1545.0110335001,1544.7802037506558
1545.0112335001,1544.781628238346
1545.0114335000999,1544.7830514620252
1545.0116335000998,1544.7844734265902
1545.0118335000998,1544.7858941369373
1545.0120335000997,1544.7873135979626
1545.0122335000997,1544.7887318145638
1545.0124335000996,1544.7901487916365
1545.0126335000996,1544.791564534078
1545.0128335000995,1544.7929790467847
1545.0130335000995,1544.7943923346534
1545.0132335000994,1544.7958044025797
1545.0134335000994,1544.7972152554619
1545.0136335000993,1544.7986248981952
1545.0138335000993,1544.800033335677
1545.0140335000992,1544.8014405728034
1545.0142335000992,1544.8028466144713
1545.0144335000991,1544.8042514655776
1545.014633500099,1544.8056551310183
1545.014833500099,1544.8070576156902
1545.015033500099,1544.8084589244904
1545.015233500099,1544.8098590623147
1545.0154335000989,1544.81125803406
1545.0156335000988,1544.8126558446236
1545.0158335000988,1544.8140524989014
1545.0160335000987,1544.8154480017902
1545.0162335000987,1544.8168423581865
1545.0164335000986,1544.818235572987
1545.0166335000986,1544.8196276510885
1545.0168335000985,1544.8210185973871
1545.0170335000985,1544.82240841678
1545.0172335000984,1544.8237971141632
1545.0174335000984,1544.8251846944343
1545.0176335000983,1544.826571162489
1545.0178335000983,1544.827956523224
1545.0180335000982,1544.8293407815363
1545.0182335000982,1544.8307239423218
1545.0184335000981,1544.8321060104784
1545.018633500098,1544.8334869909015
1545.018833500098,1544.8348668884885
1545.019033500098,1544.836245708135
1545.019233500098,1544.8376234547386
1545.0194335000979,1544.8390001331961
1545.0196335000978,1544.840375748403
1545.0198335000978,1544.8417503052572
1545.0200335000977,1544.8431238086537
1545.0202335000977,1544.8444962634908
1545.0204335000976,1544.8458676746639
1545.0206335000976,1544.84723804707
1545.0208335000975,1544.8486073856059
1545.0210335000975,1544.8499756951685
1545.0212335000974,1544.8513429806537
1545.0214335000974,1544.8527092469585
1545.0216335000973,1544.8540744989793
1545.0218335000973,1544.855438741613
1545.0220335000972,1544.856801979756
1545.0222335000972,1544.858164218305
1545.0224335000971,1544.8595254621566
1545.022633500097,1544.8608857162071
1545.022833500097,1544.862244985354
1545.023033500097,1544.8636032744928
1545.023233500097,1544.8649605885212
1545.0234335000969,1544.8663169323347
1545.0236335000968,1544.8676723108306
1545.0238335000968,1544.8690267289053
1545.0240335000967,1544.8703801914555
1545.0242335000967,1544.871732703378
1545.0244335000966,1544.8730842695693
1545.0246335000966,1544.8744348949256
1545.0248335000965,1544.875784584344
1545.0250335000965,1544.8771333427212
1545.0252335000964,1544.8784811749533
1545.0254335000964,1544.8798280859369
1545.0256335000963,1544.8811740805693
1545.0258335000963,1544.8825191637466
1545.0260335000962,1544.8838633403657
1545.0262335000962,1544.8852066153224
1545.0264335000961,1544.8865489935147
1545.026633500096,1544.887890479838
1545.026833500096,1544.8892310791894
1545.027033500096,1544.8905707964655
1545.027233500096,1544.8919096365632
1545.0274335000959,1544.8932476043785
1545.0276335000958,1544.8945847048083
1545.0278335000958,1544.8959209427494
1545.0280335000957,1544.897256323098
1545.0282335000957,1544.8985908507511
1545.0284335000956,1544.8999245306054
1545.0286335000956,1544.9012573675568
1545.0288335000955,1544.902589366503
1545.0290335000955,1544.9039205323395
1545.0292335000954,1544.905250869964
1545.0294335000954,1544.9065803842718
1545.0296335000953,1544.9079090801608
1545.0298335000953,1544.9092369625262
1545.0300335000952,1544.9105640362666
1545.0302335000952,1544.9118903062772
1545.0304335000951,1544.9132157774545
1545.030633500095,1544.9145404546957
1545.030833500095,1544.9158643428973
1545.031033500095,1544.9171874469557
1545.031233500095,1544.9185097717677
1545.0314335000949,1544.9198313222303
1545.0316335000948,1544.921152103239
1545.0318335000948,1544.9224721196913
1545.0320335000947,1544.9237913764837
1545.0322335000947,1544.9251098785128
1545.0324335000946,1544.9264276306747
1545.0326335000946,1544.9277446378667
1545.0328335000945,1544.9290609049854
1545.0330335000945,1544.9303764369267
1545.0332335000944,1544.9316912385877
1545.0334335000944,1544.9330053148656
1545.0336335000943,1544.9343186706558
1545.0338335000943,1544.9356313108563
1545.0340335000942,1544.9369432403623
1545.0342335000942,1544.938254464071
1545.034433500094,1544.9395649868793
1545.034633500094,1544.940874813683
1545.034833500094,1544.94218394938
1545.035033500094,1544.943492398866
1545.035233500094,1544.9448001670373
1545.0354335000939,1544.9461072587915
1545.0356335000938,1544.947413679025
1545.0358335000938,1544.9487194326337
1545.0360335000937,1544.9500245245147
1545.0362335000937,1544.9513289595645
1545.0364335000936,1544.95263274268
1545.0366335000936,1544.9539358787572
1545.0368335000935,1544.9552383726937
1545.0370335000935,1544.9565402293852
1545.0372335000934,1544.9578414537284
1545.0374335000934,1544.9591420506206
1545.0376335000933,1544.9604420249577
1545.0378335000933,1544.9617413816368
1545.0380335000932,1544.9630401255538
1545.0382335000932,1544.9643382616066
1545.038433500093,1544.96563579469
1545.038633500093,1544.9669327297024
1545.038833500093,1544.9682290715393
1545.039033500093,1544.969524825098
1545.039233500093,1544.970819995274
1545.0394335000929,1544.9721145869655
1545.0396335000928,1544.973408605068
1545.0398335000928,1544.9747020544783
1545.0400335000927,1544.9759949400932
1545.0402335000927,1544.977287266809
1545.0404335000926,1544.9785790395226
1545.0406335000926,1544.979870263131
1545.0408335000925,1544.9811609425299
1545.0410335000925,1544.9824510826165
1545.0412335000924,1544.9837406882873
1545.0414335000924,1544.985029764439
1545.0416335000923,1544.9863183159682
1545.0418335000923,1544.9876063477714
1545.0420335000922,1544.9888938647448
1545.0422335000922,1544.9901808717857
1545.042433500092,1544.9914673737906
1545.042633500092,1544.9927533756559
1545.042833500092,1544.9940388822783
1545.043033500092,1544.9953238985545
1545.043233500092,1544.9966084293808
1545.0434335000919,1544.9978924796542
1545.0436335000918,1544.9991760542712
1545.0438335000918,1545.0004591581283
1545.0440335000917,1545.001741796122
1545.0442335000917,1545.003023973149
1545.0444335000916,1545.004305694106
1545.0446335000915,1545.0055869638902
1545.0448335000915,1545.0068677873971
1545.0450335000914,1545.0081481695238
1545.0452335000914,1545.009428115167
1545.0454335000913,1545.0107076292236
1545.0456335000913,1545.0119867165895
1545.0458335000912,1545.013265382162
1545.0460335000912,1545.0145436308371
1545.0462335000911,1545.0158214675114
1545.046433500091,1545.0170988970824
1545.046633500091,1545.018375924446
1545.046833500091,1545.0196525544989
1545.047033500091,1545.020928792138
1545.047233500091,1545.0222046422593
1545.0474335000908,1545.0234801097597
1545.0476335000908,1545.0247551995365
1545.0478335000907,1545.0260299164854
1545.0480335000907,1545.0273042655026
1545.0482335000906,1545.0285782514864
1545.0484335000906,1545.0298518793322
1545.0486335000905,1545.0311251539372
1545.0488335000905,1545.0323980801968
1545.0490335000904,1545.0336706630092
1545.0492335000904,1545.0349429072699
1545.0494335000903,1545.036214817876
1545.0496335000903,1545.0374863997242
1545.0498335000902,1545.0387576577111
1545.0500335000902,1545.0400285967326
1545.0502335000901,1545.0412992216866
1545.05043350009,1545.0425695374688
1545.05063350009,1545.043839548975
1545.05083350009,1545.045109261104
1545.05103350009,1545.0463786787504
1545.05123350009,1545.047647806812
1545.0514335000898,1545.048916650185
1545.0516335000898,1545.050185213766
1545.0518335000897,1545.0514535024522
1545.0520335000897,1545.052721521139
1545.0522335000896,1545.053989274724
1545.0524335000896,1545.0552567681034
1545.0526335000895,1545.056524006174
1545.0528335000895,1545.057790993832
1545.0530335000894,1545.0590577359749
1545.0532335000894,1545.0603242374982
1545.0534335000893,1545.0615905032994
1545.0536335000893,1545.0628565382747
1545.0538335000892,1545.064122347321
1545.0540335000892,1545.0653879353345
1545.0542335000891,1545.0666533072124
1545.054433500089,1545.0679184678506
1545.054633500089,1545.0691834221457
1545.054833500089,1545.0704481749951
1545.055033500089,1545.0717127312948
1545.055233500089,1545.072977095942
1545.0554335000888,1545.0742412738323
1545.0556335000888,1545.0755052698626
1545.0558335000887,1545.0767690889309
1545.0560335000887,1545.078032735932
1545.0562335000886,1545.0792962157636
1545.0564335000886,1545.080559533322
1545.0566335000885,1545.0818226935037
1545.0568335000885,1545.0830857012052
1545.0570335000884,1545.0843485613236
1545.0572335000884,1545.0856112787549
1545.0574335000883,1545.0868738583956
1545.0576335000883,1545.0881363051435
1545.0578335000882,1545.0893986238943
1545.0580335000882,1545.0906608195446
1545.0582335000881,1545.0919228969908
1545.058433500088,1545.093184861131
1545.058633500088,1545.09444671686
1545.058833500088,1545.095708469075
1545.059033500088,1545.096970122673
1545.0592335000879,1545.0982316825502
1545.0594335000878,1545.0994931536036
1545.0596335000878,1545.100754540729
1545.0598335000877,1545.102015848824
1545.0600335000877,1545.1032770827846
1545.0602335000876,1545.1045382475081
1545.0604335000876,1545.1057993478898
1545.0606335000875,1545.1070603888281
1545.0608335000875,1545.108321375218
1545.0610335000874,1545.109582311957
1545.0612335000874,1545.1108432039412
1545.0614335000873,1545.1121040560672
1545.0616335000873,1545.113364873233
1545.0618335000872,1545.114625660333
1545.0620335000872,1545.1158864222655
1545.0622335000871,1545.1171471639263
1545.062433500087,1545.118407890213
1545.062633500087,1545.11966860602
1545.062833500087,1545.120929316246
1545.063033500087,1545.1221900257874
1545.0632335000869,1545.1234507395402
1545.0634335000868,1545.1247114624014
1545.0636335000868,1545.1259721992672
1545.0638335000867,1545.1272329550343
1545.0640335000867,1545.1284937345993
1545.0642335000866,1545.1297545428592
1545.0644335000866,1545.1310153847105
1545.0646335000865,1545.1322762650493
1545.0648335000865,1545.133537188773
1545.0650335000864,1545.134798160778
1545.0652335000864,1545.1360591859602
1545.0654335000863,1545.1373202692168
1545.0656335000863,1545.1385814154448
1545.0658335000862,1545.1398426295402
1545.0660335000862,1545.1411039164
1545.0662335000861,1545.1423652809199
1545.066433500086,1545.1436267279976
1545.066633500086,1545.1448882625289
1545.066833500086,1545.1461498894112
1545.067033500086,1545.1474116135407
1545.0672335000859,1545.148673439814
1545.0674335000858,1545.1499353731278
1545.0676335000858,1545.1511974183786
1545.0678335000857,1545.1524595804635
1545.0680335000857,1545.1537218642782
1545.0682335000856,1545.1549842747202
1545.0684335000856,1545.1562468166856
1545.0686335000855,1545.1575094950708
1545.0688335000855,1545.1587723147732
1545.0690335000854,1545.1600352806888
1545.0692335000854,1545.1612983977143
1545.0694335000853,1545.1625616707463
1545.0696335000853,1545.163825104682
1545.0698335000852,1545.1650887044175
1545.0700335000852,1545.1663524748485
1545.0702335000851,1545.1676164208736
1545.070433500085,1545.1688805473877
1545.070633500085,1545.1701448592883
1545.070833500085,1545.171409361472
1545.071033500085,1545.172674058835
1545.0712335000849,1545.1739389562738
1545.0714335000848,1545.175204058686
1545.0716335000848,1545.176469370967
1545.0718335000847,1545.177734898014
1545.0720335000847,1545.1790006447238
1545.0722335000846,1545.1802666159927
1545.0724335000846,1545.1815328167174
1545.0726335000845,1545.182799251794
1545.0728335000845,1545.1840659261204
1545.0730335000844,1545.1853328445918
1545.0732335000844,1545.186600012106
1545.0734335000843,1545.1878674335585
1545.0736335000843,1545.1891351138465
1545.0738335000842,1545.190403057867
1545.0740335000842,1545.191671270516
1545.0742335000841,1545.1929397566905
1545.074433500084,1545.1942085212866
1545.074633500084,1545.1954775692013
1545.074833500084,1545.1967469053309
1545.075033500084,1545.1980165345724
1545.0752335000839,1545.1992864618223
1545.0754335000838,1545.2005566919777
1545.0756335000838,1545.2018272299342
1545.0758335000837,1545.203098080589
1545.0760335000837,1545.2043692488378
1545.0762335000836,1545.205640739579
1545.0764335000836,1545.2069125577082
1545.0766335000835,1545.2081847081215
1545.0768335000835,1545.2094571957168
1545.0770335000834,1545.2107300253892
1545.0772335000834,1545.2120032020368
1545.0774335000833,1545.2132767305552
1545.0776335000833,1545.2145506158413
1545.0778335000832,1545.2158248627918
1545.0780335000832,1545.217099476303
1545.0782335000831,1545.2183744612723
1545.078433500083,1545.2196498225953
1545.078633500083,1545.2209255651694
1545.078833500083,1545.2222016938902
1545.079033500083,1545.2234782136559
1545.0792335000829,1545.2247551293617
1545.0794335000828,1545.2260324459048
1545.0796335000828,1545.227310168182
1545.0798335000827,1545.2285883010893
1545.0800335000827,1545.2298668495241
1545.0802335000826,1545.2311458183817
1545.0804335000826,1545.2324252125604
1545.0806335000825,1545.233705036956
1545.0808335000825,1545.2349852964649
1545.0810335000824,1545.236265995984
1545.0812335000824,1545.2375471404098
1545.0814335000823,1545.2388287346391
1545.0816335000823,1545.2401107835683
1545.0818335000822,1545.2413932920942
1545.0820335000822,1545.2426762651128
1545.082233500082,1545.2439597075218
1545.082433500082,1545.245243624217
1545.082633500082,1545.2465280200954
1545.082833500082,1545.247812900053
1545.083033500082,1545.2490982689872
1545.0832335000819,1545.2503841317944
1545.0834335000818,1545.251670493371
1545.0836335000818,1545.2529573586135
1545.0838335000817,1545.2542447324188
1545.0840335000817,1545.2555326196834
1545.0842335000816,1545.2568210253041
1545.0844335000816,1545.2581099541771
1545.0846335000815,1545.2593994111994
1545.0848335000815,1545.2606894012674
1545.0850335000814,1545.2619799292781
1545.0852335000814,1545.2632710001274
1545.0854335000813,1545.2645626187127
1545.0856335000813,1545.26585478993
1545.0858335000812,1545.2671475186762
1545.0860335000812,1545.2684408098476
1545.086233500081,1545.2697346683417
1545.086433500081,1545.2710290990537
1545.086633500081,1545.2723241068816
1545.086833500081,1545.2736196967212
1545.087033500081,1545.274915873469
1545.0872335000809,1545.2762126420223
1545.0874335000808,1545.2775100072772
1545.0876335000808,1545.2788079741306
1545.0878335000807,1545.280106547479
1545.0880335000807,1545.2814057322191
1545.0882335000806,1545.282705533247
1545.0884335000806,1545.2840059554599
1545.0886335000805,1545.285307003754
1545.0888335000805,1545.2866086830263
1545.0890335000804,1545.2879109981734
1545.0892335000804,1545.2892139540918
1545.0894335000803,1545.290517555678
1545.0896335000803,1545.2918218078282
1545.0898335000802,1545.2931267154402
1545.0900335000802,1545.2944322834096
1545.09023350008,1545.2957385166333
1545.09043350008,1545.297045420008
1545.09063350008,1545.2983529984301
1545.09083350008,1545.2996612567968
1545.09103350008,1545.3009702000036
1545.0912335000799,1545.3022798329487
1545.0914335000798,1545.3035901605267
1545.0916335000798,1545.304901187636
1545.0918335000797,1545.3062129191728
1545.0920335000797,1545.3075253600327
1545.0922335000796,1545.3088385151132
1545.0924335000796,1545.310152389311
1545.0926335000795,1545.3114669875229
1545.0928335000795,1545.3127823146442
1545.0930335000794,1545.314098375573
1545.0932335000794,1545.3154151752053
1545.0934335000793,1545.3167327184374
1545.0936335000792,1545.3180510101663
1545.0938335000792,1545.3193700552886
1545.0940335000791,1545.3206898587011
1545.094233500079,1545.3220104253
1545.094433500079,1545.3233317599825
1545.094633500079,1545.3246538676437
1545.094833500079,1545.3259767531824
1545.095033500079,1545.3273004214939
1545.0952335000788,1545.328624877475
1545.0954335000788,1545.3299501260221
1545.0956335000787,1545.3312761720322
1545.0958335000787,1545.3326030204016
1545.0960335000786,1545.3339306760272
1545.0962335000786,1545.3352591438056
1545.0964335000785,1545.3365884272632
1545.0966335000785,1545.3379185246943
1545.0968335000784,1545.3392494331438
1545.0970335000784,1545.3405811496568
1545.0972335000783,1545.3419136712782
1545.0974335000783,1545.3432469950528
1545.0976335000782,1545.3445811180266
1545.0978335000782,1545.345916037244
1545.0980335000781,1545.3472517497496
1545.098233500078,1545.3485882525893
1545.098433500078,1545.3499255428078
1545.098633500078,1545.3512636174507
1545.098833500078,1545.3526024735618
1545.099033500078,1545.3539421081875
1545.0992335000778,1545.3552825183726
1545.0994335000778,1545.3566237011614
1545.0996335000777,1545.3579656535994
1545.0998335000777,1545.3593083727317
1545.1000335000776,1545.3606518556037
1545.1002335000776,1545.3619960992598
1545.1004335000775,1545.3633411007456
1545.1006335000775,1545.3646868571059
1545.1008335000774,1545.3660333653856
1545.1010335000774,1545.3673806226304
1545.1012335000773,1545.3687286258844
1545.1014335000773,1545.370077372193
1545.1016335000772,1545.3714268586023
1545.1018335000772,1545.372777082156
1545.1020335000771,1545.3741280398997
1545.102233500077,1545.3754797288786
1545.102433500077,1545.3768321461368
1545.102633500077,1545.3781852887207
1545.102833500077,1545.3795391536748
1545.103033500077,1545.3808937380443
1545.1032335000768,1545.382249038874
1545.1034335000768,1545.383605053209
1545.1036335000767,1545.384961778095
1545.1038335000767,1545.386319210576
1545.1040335000766,1545.3876773476975
1545.1042335000766,1545.389036186505
1545.1044335000765,1545.390395724043
1545.1046335000765,1545.3917559573565
1545.1048335000764,1545.3931168834908
1545.1050335000764,1545.3944784994912
1545.1052335000763,1545.3958408024027
1545.1054335000763,1545.3972037892702
1545.1056335000762,1545.3985674571384
1545.1058335000762,1545.3999318030528
1545.1060335000761,1545.4012968240586
1545.106233500076,1545.4026625172003
1545.106433500076,1545.4040288795238
1545.106633500076,1545.4053959080734
1545.106833500076,1545.406763599894
1545.1070335000759,1545.408131952032
1545.1072335000758,1545.409500961531
1545.1074335000758,1545.4108706254367
1545.1076335000757,1545.412240940794
1545.1078335000757,1545.413611904648
1545.1080335000756,1545.4149835140438
1545.1082335000756,1545.416355766026
1545.1084335000755,1545.4177286576407
1545.1086335000755,1545.4191021859322
1545.1088335000754,1545.4204763479459
1545.1090335000754,1545.4218511407264
1545.1092335000753,1545.423226561319
1545.1094335000753,1545.4246026067694
1545.1096335000752,1545.4259792741211
1545.1098335000752,1545.4273565604208
1545.1100335000751,1545.4287344627128
1545.110233500075,1545.4301129780422
1545.110433500075,1545.431492103454
1545.110633500075,1545.4328718359939
1545.110833500075,1545.4342521727058
1545.1110335000749,1545.4356331106355
1545.1112335000748,1545.4370146468282
1545.1114335000748,1545.4383967783283
1545.1116335000747,1545.4397795021819
1545.1118335000747,1545.4411628154332
1545.1120335000746,1545.4425467151275
1545.1122335000746,1545.4439311983092
1545.1124335000745,1545.445316262025
1545.1126335000745,1545.4467019033186
1545.1128335000744,1545.4480881192353
1545.1130335000744,1545.4494749068208
1545.1132335000743,1545.4508622631188
1545.1134335000743,1545.452250185176
1545.1136335000742,1545.4536386700365
1545.1138335000742,1545.4550277147453
1545.1140335000741,1545.4564173163476
1545.114233500074,1545.457807471889
1545.114433500074,1545.4591981784138
1545.114633500074,1545.4605894329673
1545.114833500074,1545.4619812325952
1545.1150335000739,1545.4633735743416
1545.1152335000738,1545.464766455252
1545.1154335000738,1545.4661598723712
1545.1156335000737,1545.467553822745
1545.1158335000737,1545.4689483034174
1545.1160335000736,1545.4703433114346
1545.1162335000736,1545.4717388438405
1545.1164335000735,1545.4731348976811
1545.1166335000735,1545.4745314700012
1545.1168335000734,1545.4759285578457
1545.1170335000734,1545.4773261582598
1545.1172335000733,1545.4787242682883
1545.1174335000733,1545.480122884976
1545.1176335000732,1545.481522005369
1545.1178335000732,1545.4829216265116
1545.1180335000731,1545.484321745449
1545.118233500073,1545.4857223592262
1545.118433500073,1545.4871234648886
1545.118633500073,1545.4885250594807
1545.118833500073,1545.4899271400477
1545.1190335000729,1545.491329703635
1545.1192335000728,1545.4927327472878
1545.1194335000728,1545.494136268051
1545.1196335000727,1545.4955402629685
1545.1198335000727,1545.4969447290878
1545.1200335000726,1545.4983496634513
1545.1202335000726,1545.4997550631058
1545.1204335000725,1545.5011609250955
1545.1206335000725,1545.5025672464662
1545.1208335000724,1545.5039740242626
1545.1210335000724,1545.5053812555293
1545.1212335000723,1545.5067889373117
1545.1214335000723,1545.5081970666554
1545.1216335000722,1545.5096056406053
1545.1218335000722,1545.5110146562056
1545.1220335000721,1545.5124241105027
1545.122233500072,1545.5138340005399
1545.122433500072,1545.5152443233637
1545.122633500072,1545.5166550760187
1545.122833500072,1545.5180662555501
1545.1230335000719,1545.5194778590026
1545.1232335000718,1545.5208898834217
1545.1234335000718,1545.5223023258518
1545.1236335000717,1545.523715183339
1545.1238335000717,1545.5251284529274
1545.1240335000716,1545.5265421316626
1545.1242335000716,1545.5279562165895
1545.1244335000715,1545.5293707047533
1545.1246335000715,1545.530785593199
1545.1248335000714,1545.5322008789715
1545.1250335000714,1545.5336165591157
1545.1252335000713,1545.535032630677
1545.1254335000713,1545.5364490907004
1545.1256335000712,1545.5378659362307
1545.1258335000712,1545.5392831643137
1545.1260335000711,1545.540700771994
1545.126233500071,1545.5421187563159
1545.126433500071,1545.5435371143255
1545.126633500071,1545.5449558430673
1545.126833500071,1545.5463749395872
1545.1270335000709,1545.5477944009292
1545.1272335000708,1545.5492142241387
1545.1274335000708,1545.5506344062612
1545.1276335000707,1545.5520549443413
1545.1278335000707,1545.5534758354245
1545.1280335000706,1545.5548970765553
1545.1282335000706,1545.556318664779
1545.1284335000705,1545.5577405971405
1545.1286335000705,1545.559162870685
1545.1288335000704,1545.5605854824582
1545.1290335000704,1545.562008429504
1545.1292335000703,1545.563431708868
1545.1294335000703,1545.5648553175956
1545.1296335000702,1545.5662792527314
1545.1298335000702,1545.5677035113204
1545.13003350007,1545.5691280904082
1545.13023350007,1545.5705529870395
1545.13043350007,1545.571978198259
1545.13063350007,1545.573403721113
1545.13083350007,1545.574829552645
1545.1310335000699,1545.5762556899008
1545.1312335000698,1545.5776821299255
1545.1314335000698,1545.5791088697642
1545.1316335000697,1545.5805359064618
1545.1318335000697,1545.5819632370635
1545.1320335000696,1545.583390858614
1545.1322335000696,1545.5848187681588
1545.1324335000695,1545.5862469627427
1545.1326335000695,1545.587675439411
1545.1328335000694,1545.5891041952084
1545.1330335000694,1545.5905332271802
1545.1332335000693,1545.5919625323718
1545.1334335000693,1545.5933921078274
1545.1336335000692,1545.594821950593
1545.1338335000692,1545.5962520577125
1545.134033500069,1545.5976824262325
1545.134233500069,1545.599113053197
1545.134433500069,1545.600543935651
1545.134633500069,1545.6019750706403
1545.134833500069,1545.6034064552093
1545.1350335000689,1545.6048380864033
1545.1352335000688,1545.606269961267
1545.1354335000688,1545.6077020768466
1545.1356335000687,1545.6091344301853
1545.1358335000687,1545.6105670183301
1545.1360335000686,1545.6119998383247
1545.1362335000686,1545.6134328872154
1545.1364335000685,1545.6148661620455
1545.1366335000685,1545.6162996598616
1545.1368335000684,1545.6177333777082
1545.1370335000684,1545.61916731263
1545.1372335000683,1545.620601461673
1545.1374335000683,1545.6220358218814
1545.1376335000682,1545.6234703903008
1545.1378335000682,1545.6249051639759
1545.138033500068,1545.6263401399517
1545.138233500068,1545.6277753152735
1545.138433500068,1545.6292106869867
1545.138633500068,1545.6306462521359
1545.138833500068,1545.632082007766
1545.1390335000679,1545.6335179509222
1545.1392335000678,1545.6349540786498
1545.1394335000678,1545.6363903879937
1545.1396335000677,1545.637826875999
1545.1398335000677,1545.6392635397106
1545.1400335000676,1545.6407003761735
1545.1402335000676,1545.642137382434
1545.1404335000675,1545.643574555535
1545.1406335000675,1545.6450118925231
1545.1408335000674,1545.6464493904427
1545.1410335000674,1545.6478870463395
1545.1412335000673,1545.649324857258
1545.1414335000673,1545.650762820243
1545.1416335000672,1545.6522009323407
1545.1418335000672,1545.6536391905952
1545.142033500067,1545.6550775920516
1545.142233500067,1545.6565161337553
1545.142433500067,1545.6579548127513
1545.142633500067,1545.6593936260845
1545.142833500067,1545.6608325708005
1545.1430335000668,1545.6622716439433
1545.1432335000668,1545.6637108425584
1545.1434335000667,1545.6651501636918
1545.1436335000667,1545.6665896043871
1545.1438335000666,1545.6680291616904
1545.1440335000666,1545.6694688326465
1545.1442335000665,1545.6709086142996
1545.1444335000665,1545.6723485036966
1545.1446335000664,1545.673788497881
1545.1448335000664,1545.6752285938983
1545.1450335000663,1545.676668788794
1545.1452335000663,1545.6781090796123
1545.1454335000662,1545.679549463399
1545.1456335000662,1545.680989937199
1545.1458335000661,1545.6824304980569
1545.146033500066,1545.6838711430182
1545.146233500066,1545.6853118691279
1545.146433500066,1545.686752673431
1545.146633500066,1545.688193552973
1545.146833500066,1545.6896345047985
1545.1470335000658,1545.691075525952
1545.1472335000658,1545.69251661348
1545.1474335000657,1545.6939577644264
1545.1476335000657,1545.6953989758363
1545.1478335000656,1545.6968402447553
1545.1480335000656,1545.698281568228
1545.1482335000655,1545.6997229433005
1545.1484335000655,1545.701164367016
1545.1486335000654,1545.702605836421
1545.1488335000654,1545.7040473485606
1545.1490335000653,1545.705488900479
1545.1492335000653,1545.7069304892216
1545.1494335000652,1545.7083721118338
1545.1496335000652,1545.7098137653602
1545.1498335000651,1545.7112554468463
1545.150033500065,1545.712697153337
1545.150233500065,1545.714138881877
1545.150433500065,1545.715580629512
1545.150633500065,1545.7170223932867
1545.150833500065,1545.7184641702459
1545.1510335000648,1545.719905957435
1545.1512335000648,1545.721347751899
1545.1514335000647,1545.722789550683
1545.1516335000647,1545.7242313508318
1545.1518335000646,1545.725673149391
1545.1520335000646,1545.7271149434055
1545.1522335000645,1545.7285567299195
1545.1524335000645,1545.729998505979
1545.1526335000644,1545.7314402686293
1545.1528335000644,1545.7328820149146
1545.1530335000643,1545.7343237418806
1545.1532335000643,1545.7357654465718
1545.1534335000642,1545.737207126034
1545.1536335000642,1545.7386487773115
1545.1538335000641,1545.7400903974496
1545.154033500064,1545.7415319834936
1545.154233500064,1545.7429735324883
1545.154433500064,1545.744415041479
1545.154633500064,1545.7458565075106
1545.154833500064,1545.747297927628
1545.1550335000638,1545.7487392988771
1545.1552335000638,1545.7501806183016
1545.1554335000637,1545.7516218829478
1545.1556335000637,1545.7530630898596
1545.1558335000636,1545.7545042360832
1545.1560335000636,1545.755945318663
1545.1562335000635,1545.7573863346443
1545.1564335000635,1545.758827281072
1545.1566335000634,1545.760268154991
1545.1568335000634,1545.7617089534474
1545.1570335000633,1545.7631496734848
1545.1572335000633,1545.7645903121488
1545.1574335000632,1545.766030866485
1545.1576335000632,1545.7674713335375
1545.1578335000631,1545.7689117103523
1545.158033500063,1545.770351993974
1545.158233500063,1545.7717921814476
1545.158433500063,1545.7732322698184
1545.158633500063,1545.7746722561317
1545.1588335000629,1545.7761121374317
1545.1590335000628,1545.777551910764
1545.1592335000628,1545.7789915731737
1545.1594335000627,1545.780431121706
1545.1596335000627,1545.7818705534055
1545.1598335000626,1545.783309865318
1545.1600335000626,1545.784749054487
1545.1602335000625,1545.7861881179595
1545.1604335000625,1545.7876270527793
1545.1606335000624,1545.7890658559922
1545.1608335000624,1545.790504524643
1545.1610335000623,1545.7919430557765
1545.1612335000623,1545.7933814464377
1545.1614335000622,1545.794819693672
1545.1616335000622,1545.7962577945245
1545.1618335000621,1545.79769574604
1545.162033500062,1545.7991335452634
1545.162233500062,1545.8005711892406
1545.162433500062,1545.802008675016
1545.162633500062,1545.8034459996343
1545.1628335000619,1545.8048831601418
1545.1630335000618,1545.8063201535822
1545.1632335000618,1545.807756977001
1545.1634335000617,1545.809193627444
1545.1636335000617,1545.8106301019557
1545.1638335000616,1545.8120663975803
1545.1640335000616,1545.813502511364
1545.1642335000615,1545.8149384403514
1545.1644335000615,1545.8163741815883
1545.1646335000614,1545.817809732119
1545.1648335000614,1545.8192450889883
1545.1650335000613,1545.820680249242
1545.1652335000613,1545.8221152099245
1545.1654335000612,1545.8235499680818
1545.1656335000612,1545.8249845207579
1545.1658335000611,1545.8264188649987
1545.166033500061,1545.8278529978484
1545.166233500061,1545.8292869163529
1545.166433500061,1545.830720617557
1545.166633500061,1545.8321540985057
1545.1668335000609,1545.8335873562442
1545.1670335000608,1545.8350203878167
1545.1672335000608,1545.8364531902694
1545.1674335000607,1545.837885760647
1545.1676335000607,1545.8393180959943
1545.1678335000606,1545.8407501933561
1545.1680335000606,1545.8421820497786
1545.1682335000605,1545.8436136623059
1545.1684335000605,1545.8450450279831
1545.1686335000604,1545.8464761438559
1545.1688335000604,1545.8479070069689
1545.1690335000603,1545.8493376143672
1545.1692335000603,1545.850767963096
1545.1694335000602,1545.8521980501996
1545.1696335000602,1545.8536278727236
1545.1698335000601,1545.855057427714
1545.17003350006,1545.8564867122145
1545.17023350006,1545.8579157232705
1545.17043350006,1545.8593444579276
1545.17063350006,1545.8607729132304
1545.1708335000599,1545.8622010862236
1545.1710335000598,1545.8636289739536
1545.1712335000598,1545.865056573464
1545.1714335000597,1545.8664838818001
1545.1716335000597,1545.8679108960082
1545.1718335000596,1545.8693376131318
1545.1720335000596,1545.8707640302168
1545.1722335000595,1545.872190144308
1545.1724335000595,1545.8736159524506
1545.1726335000594,1545.8750414516899
1545.1728335000594,1545.8764666390703
1545.1730335000593,1545.8778915116372
1545.1732335000593,1545.8793160664359
1545.1734335000592,1545.8807403005108
1545.1736335000592,1545.8821642109078
1545.1738335000591,1545.8835877946713
1545.174033500059,1545.8850110488468
1545.174233500059,1545.886433970479
1545.174433500059,1545.8878565566129
1545.174633500059,1545.889278804295
1545.1748335000589,1545.890700710568
1545.1750335000588,1545.8921222724784
1545.1752335000588,1545.8935434885268
1545.1754335000587,1545.894964364276
1545.1756335000587,1545.8963849074278
1545.1758335000586,1545.8978051256836
1545.1760335000586,1545.8992250267452
1545.1762335000585,1545.900644618315
1545.1764335000585,1545.9020639080948
1545.1766335000584,1545.9034829037864
1545.1768335000584,1545.9049016130914
1545.1770335000583,1545.906320043712
1545.1772335000583,1545.90773820335
1545.1774335000582,1545.9091560997074
1545.1776335000582,1545.9105737404852
1545.1778335000581,1545.911991133387
1545.178033500058,1545.9134082861135
1545.178233500058,1545.9148252063667
1545.178433500058,1545.916241901849
1545.178633500058,1545.9176583802614
1545.1788335000579,1545.919074649307
1545.1790335000578,1545.9204907166863
1545.1792335000578,1545.9219065901023
1545.1794335000577,1545.9233222772561
1545.1796335000577,1545.92473778585
1545.1798335000576,1545.9261531235861
1545.1800335000576,1545.927568298166
1545.1802335000575,1545.928983317292
1545.1804335000575,1545.9303981886653
1545.1806335000574,1545.9318129199874
1545.1808335000574,1545.933227518962
1545.1810335000573,1545.934641993289
1545.1812335000573,1545.9360563506718
1545.1814335000572,1545.9374705988114
1545.1816335000572,1545.93888474541
1545.181833500057,1545.9402987981691
1545.182033500057,1545.9417127647914
1545.182233500057,1545.9431266529784
1545.182433500057,1545.9445404704313
1545.182633500057,1545.9459542248533
1545.1828335000569,1545.9473679239447
1545.1830335000568,1545.9487815754092
1545.1832335000568,1545.950195186947
1545.1834335000567,1545.951608766261
1545.1836335000567,1545.953022321053
1545.1838335000566,1545.9544358590244
1545.1840335000566,1545.9558493878776
1545.1842335000565,1545.9572629153142
1545.1844335000565,1545.9586764490364
1545.1846335000564,1545.9600899967454
1545.1848335000564,1545.9615035661443
1545.1850335000563,1545.9629171649335
1545.1852335000563,1545.964330800816
1545.1854335000562,1545.9657444814932
1545.1856335000562,1545.9671582146668
1545.185833500056,1545.9685720080397
1545.186033500056,1545.969985869313
1545.186233500056,1545.971399806188
1545.186433500056,1545.9728138263677
1545.186633500056,1545.9742279375535
1545.1868335000559,1545.9756421474472
1545.1870335000558,1545.9770564637513
1545.1872335000558,1545.978470894167
1545.1874335000557,1545.9798854463963
1545.1876335000557,1545.9813001281411
1545.1878335000556,1545.9827149471034
1545.1880335000556,1545.984129910985
1545.1882335000555,1545.985545027488
1545.1884335000555,1545.986960304314
1545.1886335000554,1545.9883757491655
1545.1888335000554,1545.9897913697437
1545.1890335000553,1545.9912071737504
1545.1892335000553,1545.992623168888
1545.1894335000552,1545.994039362858
1545.1896335000552,1545.9954557633628
1545.189833500055,1545.9968723781037
1545.190033500055,1545.9982892147832
1545.190233500055,1545.9997062811024
1545.190433500055,1546.0011235847635
1545.190633500055,1546.0025411334686
1545.1908335000549,1546.0039589349199
1545.1910335000548,1546.005376996819
1545.1912335000548,1546.006795326867
1545.1914335000547,1546.008213932767
1545.1916335000546,1546.00963282222
1545.1918335000546,1546.0110520029284
1545.1920335000545,1546.012471482594
1545.1922335000545,1546.0138912689185
1545.1924335000544,1546.0153113696042
1545.1926335000544,1546.0167317923522
1545.1928335000543,1546.018152544865
1545.1930335000543,1546.0195736348446
1545.1932335000542,1546.0209950699923
1545.1934335000542,1546.022416858011
1545.1936335000541,1546.0238390066015
1545.193833500054,1546.0252615234663
1545.194033500054,1546.026684416307
1545.194233500054,1546.0281076928254
1545.194433500054,1546.029531360724
1545.194633500054,1546.0309554277037
1545.1948335000538,1546.0323799014677
1545.1950335000538,1546.0338047897162
1545.1952335000537,1546.0352301001528
1545.1954335000537,1546.036655840478
1545.1956335000536,1546.0380820183952
1545.1958335000536,1546.0395086416045
1545.1960335000535,1546.0409357178091
1545.1962335000535,1546.042363254711
1545.1964335000534,1546.0437912600107
1545.1966335000534,1546.0452197414115
1545.1968335000533,1546.0466487066144
1545.1970335000533,1546.0480781633219
1545.1972335000532,1546.0495081192353
1545.1974335000532,1546.0509385820571
1545.1976335000531,1546.0523695594889
1545.197833500053,1546.0538010592322
1545.198033500053,1546.05523308899
1545.198233500053,1546.0566656564627
1545.198433500053,1546.0580987693534
1545.198633500053,1546.0595324353635
1545.1988335000528,1546.0609666621947
1545.1990335000528,1546.0624014575494
1545.1992335000527,1546.063836829129
1545.1994335000527,1546.0652727846357
1545.1996335000526,1546.066709331771
1545.1998335000526,1546.0681464782378
1545.2000335000525,1546.069584231736
1545.2002335000525,1546.0710225999699
1545.2004335000524,1546.0724615906397
1545.2006335000524,1546.0739012114484
1545.2008335000523,1546.0753414700966
1545.2010335000523,1546.0767823742872
1545.2012335000522,1546.0782239317218
1545.2014335000522,1546.0796661501017
1545.2016335000521,1546.08110903713
1545.201833500052,1546.0825526005083
1545.202033500052,1546.0839968479374
1545.202233500052,1546.08544178712
1545.202433500052,1546.0868874257583
1545.202633500052,1546.0883337715536
1545.2028335000518,1546.0897808322075
1545.2030335000518,1546.091228615423
1545.2032335000517,1546.0926771289014
1545.2034335000517,1546.0941263803445
1545.2036335000516,1546.0955763774539
1545.2038335000516,1546.0970271279323
1545.2040335000515,1546.0984786394806
1545.2042335000515,1546.0999309198016
1545.2044335000514,1546.1013839765965
1545.2046335000514,1546.102837817568
1545.2048335000513,1546.1042924504168
1545.2050335000513,1546.1057478828457
1545.2052335000512,1546.1072041225566
1545.2054335000512,1546.1086611772507
1545.2056335000511,1546.1101190546308
1545.205833500051,1546.1115777623977
1545.206033500051,1546.1130373082547
1545.206233500051,1546.114497699902
1545.206433500051,1546.115958945043
1545.2066335000509,1546.1174210513789
1545.2068335000508,1546.1188840266116
1545.2070335000508,1546.1203478784428
1545.2072335000507,1546.121812614575
1545.2074335000507,1546.1232782427094
1545.2076335000506,1546.1247447705487
1545.2078335000506,1546.1262122057938
1545.2080335000505,1546.1276805561472
1545.2082335000505,1546.1291498293103
1545.2084335000504,1546.130620032986
1545.2086335000504,1546.1320911748753
1545.2088335000503,1546.1335632626804
1545.2090335000503,1546.1350363041029
1545.2092335000502,1546.1365103068451
1545.2094335000502,1546.1379852786085
1545.2096335000501,1546.1394612270956
1545.20983350005,1546.1409381600076
1545.21003350005,1546.1424160850465
1545.21023350005,1546.1438950099146
1545.21043350005,1546.1453749423133
1545.2106335000499,1546.1468558899448
1545.2108335000498,1546.1483378605112
1545.2110335000498,1546.1498208617136
1545.2112335000497,1546.151304901255
1545.2114335000497,1546.1527899868363
1545.2116335000496,1546.1542761261596
1545.2118335000496,1546.1557633269274
1545.2120335000495,1546.157251596841
1545.2122335000495,1546.1587409436024
1545.2124335000494,1546.1602313749136
1545.2126335000494,1546.1617228984765
1545.2128335000493,1546.1632155219927
1545.2130335000493,1546.164709253164
1545.2132335000492,1546.1662040996925
1545.2134335000492,1546.167700069281
1545.2136335000491,1546.1691971696303
1545.213833500049,1546.170695408442
1545.214033500049,1546.1721947934186
1545.214233500049,1546.1736953322622
1545.214433500049,1546.1751970326743
1545.2146335000489,1546.176699902357
1545.2148335000488,1546.1782039490122
1545.2150335000488,1546.179709180341
1545.2152335000487,1546.1812156040467
1545.2154335000487,1546.1827232278304
1545.2156335000486,1546.1842320593937
1545.2158335000486,1546.185742106439
1545.2160335000485,1546.187253376668
1545.2162335000485,1546.1887658777823
1545.2164335000484,1546.1902796174843
1545.2166335000484,1546.1917946034755
1545.2168335000483,1546.1933108434582
1545.2170335000483,1546.194828345134
1545.2172335000482,1546.196347116205
1545.2174335000482,1546.1978671643726
1545.2176335000481,1546.199388497339
1545.217833500048,1546.2009111228067
1545.218033500048,1546.2024350484762
1545.218233500048,1546.2039602820503
1545.218433500048,1546.2054868312312
1545.2186335000479,1546.2070147037202
1545.2188335000478,1546.2085439072196
1545.2190335000478,1546.2100744494305
1545.2192335000477,1546.2116063380554
1545.2194335000477,1546.213139580796
1545.2196335000476,1546.214674185355
1545.2198335000476,1546.2162101594329
1545.2200335000475,1546.2177475107324
1545.2202335000475,1546.2192862469553
1545.2204335000474,1546.2208263758034
1545.2206335000474,1546.222367904979
1545.2208335000473,1546.2239108421834
1545.2210335000473,1546.2254551951182
1545.2212335000472,1546.2270009714869
1545.2214335000472,1546.2285481789893
1545.2216335000471,1546.2300968253287
1545.221833500047,1546.2316469182063
1545.222033500047,1546.2331984653242
1545.222233500047,1546.2347514743847
1545.222433500047,1546.2363059530894
1545.2226335000469,1546.2378619091398
1545.2228335000468,1546.2394193502384
1545.2230335000468,1546.2409782840866
1545.2232335000467,1546.2425387183864
1545.2234335000467,1546.2441006608396
1545.2236335000466,1546.2456641191488
1545.2238335000466,1546.247229101015
1545.2240335000465,1546.2487956141404
1545.2242335000465,1546.2503636662273
1545.2244335000464,1546.2519332649767
1545.2246335000464,1546.2535044180913
1545.2248335000463,1546.2550771332726
1545.2250335000463,1546.2566514182224
1545.2252335000462,1546.258227280643
1545.2254335000462,1546.2598047282358
1545.2256335000461,1546.2613837687036
1545.225833500046,1546.262964409747
1545.226033500046,1546.2645466590689
1545.226233500046,1546.2661305243705
1545.226433500046,1546.267716013354
1545.2266335000459,1546.269303133721
1545.2268335000458,1546.270891893174
1545.2270335000458,1546.2724822994148
1545.2272335000457,1546.274074360145
1545.2274335000457,1546.2756680830662
1545.2276335000456,1546.2772634758805
1545.2278335000456,1546.2788605462904
1545.2280335000455,1546.2804593019969
1545.2282335000455,1546.2820597507027
1545.2284335000454,1546.283661900109
1545.2286335000454,1546.2852657579183
1545.2288335000453,1546.2868713318317
1545.2290335000453,1546.2884786295515
1545.2292335000452,1546.2900876587798
1545.2294335000452,1546.291698427218
1545.229633500045,1546.2933109425687
1545.229833500045,1546.2949252125331
1545.230033500045,1546.296541244814
1545.230233500045,1546.2981590471124
1545.230433500045,1546.29977862713
1545.2306335000449,1546.3013999925693
1545.2308335000448,1546.3030231511325
1545.2310335000448,1546.3046481105205
1545.2312335000447,1546.306274878436
1545.2314335000447,1546.3079034625805
1545.2316335000446,1546.3095338706562
1545.2318335000446,1546.3111661103642
1545.2320335000445,1546.3128001894074
1545.2322335000445,1546.3144361154873
1545.2324335000444,1546.3160738963056
1545.2326335000444,1546.317713539564
1545.2328335000443,1546.3193550529652
1545.2330335000443,1546.3209984442103
1545.2332335000442,1546.3226437210017
1545.2334335000442,1546.324290891041
1545.233633500044,1546.3259399620304
1545.233833500044,1546.3275909416711
1545.234033500044,1546.3292438376657
1545.234233500044,1546.3308986577158
1545.234433500044,1546.3325554095231
1545.2346335000439,1546.33421410079
1545.2348335000438,1546.335874739218
1545.2350335000438,1546.337537332509
1545.2352335000437,1546.339201888365
1545.2354335000437,1546.3408684144879
1545.2356335000436,1546.3425369185798
1545.2358335000436,1546.3442074083418
1545.2360335000435,1546.3458798914771
1545.2362335000435,1546.3475543756858
1545.2364335000434,1546.3492308686714
1545.2366335000434,1546.3509093781352
1545.2368335000433,1546.3525899117792
1545.2370335000433,1546.3542724773044
1545.2372335000432,1546.355957082414
1545.2374335000432,1546.3576437348095
1545.237633500043,1546.3593324421927
1545.237833500043,1546.361023212265
1545.238033500043,1546.3627160527287
1545.238233500043,1546.3644109712861
1545.238433500043,1546.3661079756382
1545.2386335000429,1546.367807073488
1545.2388335000428,1546.3695082725362
1545.2390335000428,1546.3712115804854
1545.2392335000427,1546.3729170050374
1545.2394335000427,1546.3746245538941
1545.2396335000426,1546.3763342347572
1545.2398335000426,1546.3780460553287
1545.2400335000425,1546.3797600233104
1545.2402335000425,1546.3814761464046
1545.2404335000424,1546.383194432312
1545.2406335000423,1546.3849148887361
1545.2408335000423,1546.3866375233777
1545.2410335000422,1546.3883623439392
1545.2412335000422,1546.3900893581226
1545.2414335000421,1546.3918185736293
1545.241633500042,1546.3935499981615
1545.241833500042,1546.3952836394205
1545.242033500042,1546.3970195051093
1545.242233500042,1546.3987576029288
1545.242433500042,1546.400497940581
1545.2426335000418,1546.4022405257683
1545.2428335000418,1546.4039853661927
1545.2430335000417,1546.405732468466
1545.2432335000417,1546.407481822049
1545.2434335000416,1546.4092334027423
1545.2436335000416,1546.4109871859694
1545.2438335000415,1546.4127431471525
1545.2440335000415,1546.4145012617146
1545.2442335000414,1546.4162615050789
1545.2444335000414,1546.418023852668
1545.2446335000413,1546.4197882799047
1545.2448335000413,1546.421554762212
1545.2450335000412,1546.4233232750123
1545.2452335000412,1546.4250937937297
1545.2454335000411,1546.4268662937857
1545.245633500041,1546.4286407506038
1545.245833500041,1546.4304171396066
1545.246033500041,1546.4321954362167
1545.246233500041,1546.433975615858
1545.246433500041,1546.4357576539514
1545.2466335000408,1546.4375415259221
1545.2468335000408,1546.4393272071918
1545.2470335000407,1546.441114673183
1545.2472335000407,1546.4429038993187
1545.2474335000406,1546.4446948610228
1545.2476335000406,1546.4464875337167
1545.2478335000405,1546.448281892824
1545.2480335000405,1546.450077913768
1545.2482335000404,1546.45187557197
1545.2484335000404,1546.4536748428548
1545.2486335000403,1546.455475701844
1545.2488335000403,1546.4572781243598
1545.2490335000402,1546.459082085827
1545.2492335000402,1546.460887561667
1545.2494335000401,1546.4626945273033
1545.24963350004,1546.4645029581586
1545.24983350004,1546.4663128296556
1545.25003350004,1546.4681241172175
1545.25023350004,1546.469936796267
1545.25043350004,1546.4717508422257
1545.2506335000398,1546.4735662305184
1545.2508335000398,1546.475382936567
1545.2510335000397,1546.4772009357948
1545.2512335000397,1546.479020203624
1545.2514335000396,1546.4808407154783
1545.2516335000396,1546.4826624467794
1545.2518335000395,1546.4844853729512
1545.2520335000395,1546.486309469416
1545.2522335000394,1546.4881347115966
1545.2524335000394,1546.4899610749162
1545.2526335000393,1546.4917885347975
1545.2528335000393,1546.4936170666635
1545.2530335000392,1546.4954466459367
1545.2532335000392,1546.49727724804
1545.2534335000391,1546.4991088483969
1545.253633500039,1546.5009414224287
1545.253833500039,1546.5027749455603
1545.254033500039,1546.5046093932133
1545.254233500039,1546.506444740811
1545.2544335000389,1546.5082809637759
1545.2546335000388,1546.5101180375304
1545.2548335000388,1546.5119559374987
1545.2550335000387,1546.5137946391023
1545.2552335000387,1546.5156341177649
1545.2554335000386,1546.5174743489092
1545.2556335000386,1546.519315307958
1545.2558335000385,1546.521156970334
1545.2560335000385,1546.5229993114601
1545.2562335000384,1546.5248423067592
1545.2564335000384,1546.5266859316541
1545.2566335000383,1546.528530161568
1545.2568335000383,1546.5303749719228
1545.2570335000382,1546.5322203381427
1545.2572335000382,1546.5340662356493
1545.2574335000381,1546.5359126398662
1545.257633500038,1546.537759526216
1545.257833500038,1546.5396068701216
1545.258033500038,1546.5414546470056
1545.258233500038,1546.5433028322916
1545.2584335000379,1546.5451514014019
1545.2586335000378,1546.5470003297592
1545.2588335000378,1546.5488495927862
1545.2590335000377,1546.5506991659065
1545.2592335000377,1546.5525490245423
1545.2594335000376,1546.554399144117
1545.2596335000376,1546.5562495000531
1545.2598335000375,1546.5581000677735
1545.2600335000375,1546.559950822701
1545.2602335000374,1546.5618017402585
1545.2604335000374,1546.5636527958686
1545.2606335000373,1546.5655039649544
1545.2608335000373,1546.5673552229393
1545.2610335000372,1546.5692065452452
1545.2612335000372,1546.571057907295
1545.2614335000371,1546.5729092845124
1545.261633500037,1546.5747606523194
1545.261833500037,1546.5766119861394
1545.262033500037,1546.5784632613952
1545.262233500037,1546.5803144535091
1545.2624335000369,1546.5821655379048
1545.2626335000368,1546.5840164900046
1545.2628335000368,1546.5858672852312
1545.2630335000367,1546.5877178990077
1545.2632335000367,1546.589568306757
1545.2634335000366,1546.591418483902
1545.2636335000366,1546.5932684058657
1545.2638335000365,1546.5951180480697
1545.2640335000365,1546.5969673859388
1545.2642335000364,1546.5988163948946
1545.2644335000364,1546.6006650503602
1545.2646335000363,1546.6025133277587
1545.2648335000363,1546.6043612025128
1545.2650335000362,1546.606208650045
1545.2652335000362,1546.6080556457787
1545.2654335000361,1546.6099021651364
1545.265633500036,1546.6117481835406
1545.265833500036,1546.6135936764151
1545.266033500036,1546.6154386191822
1545.266233500036,1546.6172829872646
1545.2664335000359,1546.6191267560857
1545.2666335000358,1546.6209699010676
1545.2668335000358,1546.6228123976337
1545.2670335000357,1546.6246542212068
1545.2672335000357,1546.6264953472096
1545.2674335000356,1546.628335751065
1545.2676335000356,1546.6301754081958
1545.2678335000355,1546.6320142940249
1545.2680335000355,1546.633852383975
1545.2682335000354,1546.6356896534694
1545.2684335000354,1546.6375260779298
1545.2686335000353,1546.639361632781
1545.2688335000353,1546.6411962934444
1545.2690335000352,1546.643030035343
1545.2692335000352,1546.6448628339003
1545.2694335000351,1546.646694664538
1545.269633500035,1546.64852550268
1545.269833500035,1546.6503553237487
1545.270033500035,1546.652184103167
1545.270233500035,1546.6540118163582
1545.2704335000349,1546.6558384387445
1545.2706335000348,1546.657663945749
1545.2708335000348,1546.6594883127948
1545.2710335000347,1546.661311515304
1545.2712335000347,1546.6631335287002
1545.2714335000346,1546.6649543284059
1545.2716335000346,1546.6667738898443
1545.2718335000345,1546.6685921884377
1545.2720335000345,1546.6704091996094
1545.2722335000344,1546.672224898782
1545.2724335000344,1546.6740392613788
1545.2726335000343,1546.6758522628218
1545.2728335000343,1546.6776638785345
1545.2730335000342,1546.6794740839396
1545.2732335000342,1546.68128285446
1545.2734335000341,1546.6830901655185
1545.273633500034,1546.6848959925383
1545.273833500034,1546.6867003109412
1545.274033500034,1546.6885030961514
1545.274233500034,1546.6903043235907
1545.2744335000339,1546.6921039686822
1545.2746335000338,1546.6939020068494
1545.2748335000338,1546.6956984135145
1545.2750335000337,1546.6974931641003
1545.2752335000337,1546.69928623403
1545.2754335000336,1546.701077598726
1545.2756335000336,1546.7028672336119
1545.2758335000335,1546.70465511411
1545.2760335000335,1546.7064412156433
1545.2762335000334,1546.7082255136343
1545.2764335000334,1546.7100079835063
1545.2766335000333,1546.7117886006818
1545.2768335000333,1546.7135673405842
1545.2770335000332,1546.7153441786359
1545.2772335000332,1546.7171190902598
1545.277433500033,1546.7188920508788
1545.277633500033,1546.7206630359155
1545.277833500033,1546.7224320207933
1545.278033500033,1546.724198980935
1545.278233500033,1546.7259638917628
1545.2784335000329,1546.7277267287002
1545.2786335000328,1546.7294874671695
1545.2788335000328,1546.731246082594
1545.2790335000327,1546.7330025503966
1545.2792335000327,1546.7347568459995
1545.2794335000326,1546.7365089448263
1545.2796335000326,1546.7382588222993
1545.2798335000325,1546.740006453842
1545.2800335000325,1546.7417518148768
1545.2802335000324,1546.7434948808263
1545.2804335000324,1546.7452356271137
1545.2806335000323,1546.7469740291622
1545.2808335000323,1546.748710062394
1545.2810335000322,1546.7504437022317
1545.2812335000322,1546.7521749240993
1545.281433500032,1546.753903703419
1545.281633500032,1546.7556300156136
1545.281833500032,1546.7573538361057
1545.282033500032,1546.7590751403186
1545.282233500032,1546.7607939036748
1545.2824335000319,1546.7625101015979
1545.2826335000318,1546.7642237095101
1545.2828335000318,1546.765934702834
1545.2830335000317,1546.767643056993
1545.2832335000317,1546.7693487474096
1545.2834335000316,1546.7710517495068
1545.2836335000316,1546.7727520387073
1545.2838335000315,1546.7744495904349
1545.2840335000315,1546.7761443801107
1545.2842335000314,1546.7778363831594
1545.2844335000314,1546.7795255750023
1545.2846335000313,1546.781211931063
1545.2848335000313,1546.7828954267638
1545.2850335000312,1546.7845760375287
1545.2852335000312,1546.78625373878
1545.285433500031,1546.78792850594
1545.285633500031,1546.789600314432
1545.285833500031,1546.7912691396787
1545.286033500031,1546.7929349571032
1545.286233500031,1546.794597742128
1545.2864335000309,1546.7962574701764
1545.2866335000308,1546.797914116671
1545.2868335000308,1546.799567657035
1545.2870335000307,1546.8012180666904
1545.2872335000307,1546.80286532106
1545.2874335000306,1546.8045093955684
1545.2876335000306,1546.8061502656367
1545.2878335000305,1546.8077879066882
1545.2880335000305,1546.809422294146
1545.2882335000304,1546.811053403433
1545.2884335000304,1546.8126812099717
1545.2886335000303,1546.8143056891847
1545.2888335000303,1546.815926816496
1545.2890335000302,1546.8175445673269
1545.2892335000302,1546.8191589171017
1545.28943350003,1546.820769841242
1545.28963350003,1546.8223773151722
1545.28983350003,1546.8239813143132
1545.29003350003,1546.8255818140892
1545.29023350003,1546.827178789923
1545.2904335000298,1546.828772217237
1545.2906335000298,1546.8303620714541
1545.2908335000297,1546.8319483279975
1545.2910335000297,1546.8335309622894
1545.2912335000296,1546.8351099497536
1545.2914335000296,1546.8366852658119
1545.2916335000295,1546.8382568858876
1545.2918335000295,1546.839824785404
1545.2920335000294,1546.8413889397834
1545.2922335000294,1546.8429493244485
1545.2924335000293,1546.8445059148228
1545.2926335000293,1546.846058686329
1545.2928335000292,1546.8476076143893
1545.2930335000292,1546.8491526744274
1545.2932335000291,1546.8506938418657
1545.293433500029,1546.8522310921267
1545.293633500029,1546.8537644006342
1545.293833500029,1546.85529374281
1545.294033500029,1546.8568190940778
1545.294233500029,1546.85834042986
1545.2944335000288,1546.8598577255798
1545.2946335000288,1546.8613709566594
1545.2948335000287,1546.862880098522
1545.2950335000287,1546.864385126591
1545.2952335000286,1546.8658860162884
1545.2954335000286,1546.8673827430375
1545.2956335000285,1546.868875282261
1545.2958335000285,1546.8703636093821
1545.2960335000284,1546.8718476998229
1545.2962335000284,1546.873327529007
1545.2964335000283,1546.8748030723568
1545.2966335000283,1546.8762743052955
1545.2968335000282,1546.8777412032455
1545.2970335000282,1546.8792037416301
1545.2972335000281,1546.880661895872
1545.297433500028,1546.8821156413937
1545.297633500028,1546.8835649536188
1545.297833500028,1546.8850098079697
1545.298033500028,1546.886450179869
1545.298233500028,1546.8878860447398
1545.2984335000278,1546.8893173780048
1545.2986335000278,1546.8907441550873
1545.2988335000277,1546.8921663514097
1545.2990335000277,1546.8935839423955
1545.2992335000276,1546.8949969034666
1545.2994335000276,1546.8964052100464
1545.2996335000275,1546.8978088375575
1545.2998335000275,1546.899207761423
1545.3000335000274,1546.9006019570659
1545.3002335000274,1546.9019913999086
1545.3004335000273,1546.903376065374
1545.3006335000273,1546.9047559288856
1545.3008335000272,1546.9061309658653
1545.3010335000272,1546.9075011517364
1545.3012335000271,1546.9088664619217
1545.301433500027,1546.9102268718448
1545.301633500027,1546.9115823569273
1545.301833500027,1546.9129328925924
1545.302033500027,1546.9142784542637
1545.302233500027,1546.915619017363
1545.3024335000268,1546.916954557314
1545.3026335000268,1546.918285049539
1545.3028335000267,1546.9196104694615
1545.3030335000267,1546.9209307925037
1545.3032335000266,1546.9222459940886
1545.3034335000266,1546.9235560496388
1545.3036335000265,1546.9248609345777
1545.3038335000265,1546.9261606243278
1545.3040335000264,1546.9274550943123
1545.3042335000264,1546.928744319954
1545.3044335000263,1546.930028276675
1545.3046335000263,1546.931306939899
1545.3048335000262,1546.9325802850485
1545.3050335000262,1546.9338482875464
1545.3052335000261,1546.9351109228157
1545.305433500026,1546.9363681662792
1545.305633500026,1546.9376199933595
1545.305833500026,1546.9388663794796
1545.306033500026,1546.9401073000622
1545.3062335000259,1546.9413427305308
1545.3064335000258,1546.9425726463073
1545.3066335000258,1546.943797022815
1545.3068335000257,1546.945015835477
1545.3070335000257,1546.9462290597162
1545.3072335000256,1546.9474366709542
1545.3074335000256,1546.9486386446156
1545.3076335000255,1546.9498349561225
1545.3078335000255,1546.9510255808973
1545.3080335000254,1546.9522104943633
1545.3082335000254,1546.9533896719438
1545.3084335000253,1546.9545630890605
